adjudicate,The tribunal was convened to adjudicate the boundary dispute between the two nations.,판결하다,국제 재판소는 두 국가 간의 국경 분쟁을 판결하기 위해 소집되었다.,裁定する,裁判所は両国間の国境紛争を裁定するために召集された。,裁决,法庭被召集来裁决两国之间的边界争端。,adjudicar,El tribunal fue convocado para adjudicar la disputa fronteriza entre las dos naciones.,phân xử,Tòa án được triệu tập để phân xử tranh chấp biên giới giữa hai quốc gia.,ตัดสิน,ศาลถูกเรียกประชุมเพื่อตัดสินข้อพิพาทเรื่องพรมแดนระหว่างสองประเทศ,mengadili,Pengadilan diadakan untuk mengadili sengketa perbatasan antara kedua negara.
jurisprudence,Her doctoral thesis explored feminist jurisprudence and its impact on constitutional law.,법학,그녀의 박사 논문은 페미니스트 법학과 그것이 헌법에 미친 영향을 탐구했다.,法学,彼女の博士論文はフェミニスト法学とその憲法への影響を探究した。,法理学,她的博士论文探讨了女性主义法理学及其对宪法的影响。,jurisprudencia,Su tesis doctoral exploró la jurisprudencia feminista y su impacto en el derecho constitucional.,luật học,Luận án tiến sĩ của cô nghiên cứu luật học nữ quyền và tác động của nó đến luật hiến pháp.,นิติศาสตร์,วิทยานิพนธ์ปริญญาเอกของเธอสำรวจนิติศาสตร์แนวสตรีนิยมและผลกระทบต่อกฎหมายรัฐธรรมนูญ,yurisprudensi,Tesis doktoralnya mengeksplorasi yurisprudensi feminis dan dampaknya terhadap hukum konstitusi.
promulgate,The government moved swiftly to promulgate new regulations on data privacy.,공포하다,정부는 데이터 프라이버시에 관한 새로운 규정을 공포하기 위해 신속히 움직였다.,公布する,政府はデータプライバシーに関する新たな規制を公布するために迅速に動いた。,颁布,政府迅速采取行动颁布新的数据隐私法规。,promulgar,El gobierno actuó rápidamente para promulgar nuevas regulaciones sobre privacidad de datos.,ban hành,Chính phủ hành động nhanh chóng để ban hành các quy định mới về quyền riêng tư dữ liệu.,ประกาศใช้,รัฐบาลดำเนินการอย่างรวดเร็วเพื่อประกาศใช้กฎระเบียบใหม่เกี่ยวกับความเป็นส่วนตัวของข้อมูล,mengundangkan,Pemerintah bertindak cepat untuk mengundangkan peraturan baru tentang privasi data.
litigant,Both litigants presented compelling evidence before the appellate court.,소송 당사자,양측 소송 당사자는 항소법원에 설득력 있는 증거를 제출했다.,訴訟当事者,両訴訟当事者は控訴裁判所に説得力のある証拠を提出した。,诉讼当事人,双方诉讼当事人在上诉法院提交了有力的证据。,litigante,Ambos litigantes presentaron pruebas convincentes ante el tribunal de apelación.,bên kiện tụng,Cả hai bên kiện tụng đều trình bày bằng chứng thuyết phục trước tòa phúc thẩm.,คู่ความ,คู่ความทั้งสองฝ่ายนำเสนอหลักฐานที่น่าเชื่อถือต่อศาลอุทธรณ์,pihak berperkara,Kedua pihak berperkara menyajikan bukti yang meyakinkan di hadapan pengadilan banding.
plebiscite,The region held a plebiscite to determine whether citizens favored autonomy.,국민투표,그 지역은 시민들이 자치를 지지하는지 결정하기 위해 국민투표를 실시했다.,国民投票,その地域は市民が自治を支持するかどうかを決定するために国民投票を実施した。,公民投票,该地区举行了公民投票以确定公民是否支持自治。,plebiscito,La región celebró un plebiscito para determinar si los ciudadanos favorecían la autonomía.,trưng cầu dân ý,Khu vực này tổ chức trưng cầu dân ý để xác định liệu công dân có ủng hộ quyền tự trị không.,การลงประชามติ,ภูมิภาคนี้จัดการลงประชามติเพื่อพิจารณาว่าประชาชนสนับสนุนการปกครองตนเองหรือไม่,plebisit,Wilayah tersebut mengadakan plebisit untuk menentukan apakah warga mendukung otonomi.
acquittal,The jury's acquittal of the defendant sparked widespread public debate.,무죄 선고,피고인에 대한 배심원의 무죄 선고는 광범위한 공개 토론을 촉발했다.,無罪判決,被告に対する陪審員の無罪判決は広範な公的議論を引き起こした。,无罪释放,陪审团对被告的无罪释放引发了广泛的公众辩论。,absolución,La absolución del acusado por parte del jurado provocó un amplio debate público.,tha bổng,Phán quyết tha bổng của bồi thẩm đoàn đã gây ra cuộc tranh luận công khai rộng rãi.,การตัดสินให้พ้นผิด,คำตัดสินให้พ้นผิดของคณะลูกขุนจุดชนวนการถกเถียงในสาธารณะอย่างกว้างขวาง,pembebasan,Pembebasan terdakwa oleh juri memicu perdebatan publik yang luas.
hegemonic,Critics argued that the treaty reinforced the hegemonic influence of Western powers.,패권적인,비평가들은 그 조약이 서방 강대국의 패권적 영향력을 강화했다고 주장했다.,覇権的な,批評家たちはその条約が西側列強の覇権的影響力を強化したと主張した。,霸权的,批评者认为该条约加强了西方大国的霸权影响。,hegemónico,Los críticos argumentaron que el tratado reforzaba la influencia hegemónica de las potencias occidentales.,bá quyền,Các nhà phê bình cho rằng hiệp ước đã củng cố ảnh hưởng bá quyền của các cường quốc phương Tây.,เกี่ยวกับอำนาจครอบงำ,นักวิจารณ์โต้แย้งว่าสนธิสัญญาเสริมอิทธิพลครอบงำของมหาอำนาจตะวันตก,hegemonik,Para kritikus berpendapat bahwa perjanjian tersebut memperkuat pengaruh hegemonik kekuatan Barat.
exonerate,New forensic evidence served to exonerate the wrongly convicted prisoner.,무죄를 입증하다,새로운 법의학 증거가 억울하게 유죄 판결을 받은 수감자의 무죄를 입증하는 데 기여했다.,無罪を証明する,新たな法医学的証拠が不当に有罪判決を受けた囚人の無罪を証明するのに役立った。,证明无罪,新的法医证据有助于证明被错误定罪的囚犯无罪。,exonerar,Nueva evidencia forense sirvió para exonerar al prisionero injustamente condenado.,minh oan,Bằng chứng pháp y mới đã giúp minh oan cho tù nhân bị kết án oan.,พิสูจน์ว่าบริสุทธิ์,หลักฐานทางนิติวิทยาศาสตร์ใหม่ช่วยพิสูจน์ว่านักโทษที่ถูกตัดสินอย่างผิดพลาดเป็นผู้บริสุทธิ์,membebaskan,Bukti forensik baru berfungsi untuk membebaskan narapidana yang salah dihukum.
oligarchy,The political analyst described the nation's power structure as a de facto oligarchy.,과두제,정치 분석가는 그 국가의 권력 구조를 사실상의 과두제로 묘사했다.,寡頭政治,政治アナリストはその国の権力構造を事実上の寡頭政治と表現した。,寡头政治,政治分析人士将该国的权力结构描述为事实上的寡头政治。,oligarquía,El analista político describió la estructura de poder de la nación como una oligarquía de facto.,chế độ đầu sỏ,Nhà phân tích chính trị mô tả cấu trúc quyền lực của quốc gia là chế độ đầu sỏ trên thực tế.,คณาธิปไตย,นักวิเคราะห์การเมืองอธิบายโครงสร้างอำนาจของประเทศว่าเป็นคณาธิปไตยโดยพฤตินัย,oligarki,Analis politik menggambarkan struktur kekuasaan negara itu sebagai oligarki de facto.
indictment,The grand jury returned a formal indictment against the former minister on corruption charges.,기소,대배심은 부패 혐의로 전 장관에 대한 정식 기소를 결정했다.,起訴,大陪審はかつての大臣に対し汚職容疑で正式な起訴を返した。,起诉书,大陪审团就腐败指控对前部长发出了正式起诉书。,acusación formal,El gran jurado emitió una acusación formal contra el exministro por cargos de corrupción.,bản cáo trạng,Đại bồi thẩm đoàn đã ra bản cáo trạng chính thức đối với cựu bộ trưởng về tội tham nhũng.,คำฟ้อง,คณะลูกขุนใหญ่ส่งคำฟ้องอย่างเป็นทางการต่ออดีตรัฐมนตรีในข้อหาทุจริต,dakwaan,Dewan juri mengeluarkan dakwaan resmi terhadap mantan menteri atas tuduhan korupsi.
jurisprudential,The ruling raised significant jurisprudential questions about the scope of executive power.,법학적인,그 판결은 행정권의 범위에 대한 중요한 법학적 질문을 제기했다.,法学上の,その判決は行政権の範囲に関する重要な法学上の問題を提起した。,法理学的,该裁决引发了关于行政权力范围的重大法理学问题。,jurisprudencial,El fallo planteó cuestiones jurisprudenciales significativas sobre el alcance del poder ejecutivo.,thuộc pháp lý học,Phán quyết đã đặt ra những câu hỏi pháp lý học quan trọng về phạm vi quyền hành pháp.,เกี่ยวกับนิติศาสตร์,คำตัดสินนี้ตั้งคำถามสำคัญทางนิติศาสตร์เกี่ยวกับขอบเขตของอำนาจบริหาร,yurisprudensial,Putusan tersebut menimbulkan pertanyaan yurisprudensial yang signifikan tentang cakupan kekuasaan eksekutif.
autocratic,The autocratic regime suppressed all forms of political dissent and free expression.,독재적인,독재적 정권은 모든 형태의 정치적 반대 의견과 자유로운 표현을 억압했다.,独裁的な,独裁的な政権は政治的異論と自由な表現のあらゆる形態を弾圧した。,专制的,专制政权压制了一切形式的政治异见和自由表达。,autocrático,El régimen autocrático suprimió todas las formas de disidencia política y libre expresión.,chuyên quyền,Chế độ chuyên quyền đàn áp mọi hình thức bất đồng chính kiến và tự do ngôn luận.,เผด็จการ,ระบอบเผด็จการปราบปรามทุกรูปแบบของการต่อต้านทางการเมืองและการแสดงออกอย่างเสรี,otokratis,Rezim otokratis menekan semua bentuk perbedaan pendapat politik dan kebebasan berekspresi.
deposition,The witness provided a detailed deposition regarding the corporate fraud allegations.,증언 진술,증인은 기업 사기 혐의에 관한 상세한 증언 진술을 제공했다.,宣誓証言,証人は企業詐欺の疑惑に関する詳細な宣誓証言を提供した。,证词,证人就企业欺诈指控提供了详细的证词。,declaración jurada,El testigo proporcionó una declaración jurada detallada sobre las acusaciones de fraude corporativo.,lời khai,Nhân chứng đã cung cấp lời khai chi tiết về các cáo buộc gian lận doanh nghiệp.,คำให้การ,พยานให้คำให้การโดยละเอียดเกี่ยวกับข้อกล่าวหาการฉ้อโกงขององค์กร,deposisi,Saksi memberikan deposisi terperinci mengenai tuduhan penipuan korporasi.
enfranchise,The landmark legislation sought to enfranchise millions of previously disenfranchised citizens.,선거권을 부여하다,획기적인 법안은 이전에 선거권을 박탈당한 수백만 시민에게 선거권을 부여하고자 했다.,参政権を与える,その画期的な法律は以前参政権を奪われた数百万の市民に参政権を与えることを目指した。,赋予选举权,这项具有里程碑意义的立法旨在赋予数百万此前被剥夺权利的公民选举权。,otorgar el derecho al voto,La legislación histórica buscaba otorgar el derecho al voto a millones de ciudadanos previamente privados de derechos.,trao quyền bầu cử,Luật mang tính bước ngoặt nhằm trao quyền bầu cử cho hàng triệu công dân trước đây bị tước quyền.,ให้สิทธิเลือกตั้ง,กฎหมายสำคัญนี้มุ่งให้สิทธิเลือกตั้งแก่ประชาชนหลายล้านคนที่เคยถูกตัดสิทธิ,memberikan hak pilih,Undang-undang bersejarah tersebut berupaya memberikan hak pilih kepada jutaan warga yang sebelumnya kehilangan haknya.
malfeasance,The investigation uncovered systematic malfeasance within the municipal government.,직권남용,수사는 시 정부 내의 체계적인 직권남용을 밝혀냈다.,不正行為,調査は市政府内の組織的な不正行為を明らかにした。,渎职,调查揭露了市政府内部系统性的渎职行为。,malversación,La investigación descubrió malversación sistemática dentro del gobierno municipal.,hành vi sai trái,Cuộc điều tra phát hiện hành vi sai trái có hệ thống trong chính quyền thành phố.,การทุจริตในตำแหน่ง,การสอบสวนเปิดเผยการทุจริตในตำแหน่งอย่างเป็นระบบภายในรัฐบาลเทศบาล,pelanggaran jabatan,Investigasi mengungkap pelanggaran jabatan yang sistematis dalam pemerintah kota.
plutocracy,Scholars have warned that unchecked wealth inequality could transform democracies into plutocracies.,금권정치,학자들은 통제되지 않는 부의 불평등이 민주주의를 금권정치로 변질시킬 수 있다고 경고해 왔다.,金権政治,学者たちは野放しの富の不平等が民主主義を金権政治に変える可能性があると警告してきた。,财阀统治,学者们警告说，不受控制的财富不平等可能将民主政体转变为财阀统治。,plutocracia,Los académicos han advertido que la desigualdad de riqueza sin control podría transformar las democracias en plutocracias.,chế độ tài phiệt,Các học giả cảnh báo rằng bất bình đẳng giàu nghèo không kiểm soát có thể biến nền dân chủ thành chế độ tài phiệt.,ธนาธิปไตย,นักวิชาการเตือนว่าความเหลื่อมล้ำทางความมั่งคั่งที่ไม่ถูกควบคุมอาจเปลี่ยนระบอบประชาธิปไตยเป็นธนาธิปไตย,plutokrasi,Para ilmuwan memperingatkan bahwa ketimpangan kekayaan yang tidak terkendali dapat mengubah demokrasi menjadi plutokrasi.
remand,The judge decided to remand the case to the lower court for further proceedings.,환송하다,판사는 추가 심리를 위해 사건을 하급 법원으로 환송하기로 결정했다.,差し戻す,裁判官はさらなる審理のために事件を下級裁判所に差し戻すことを決定した。,发回重审,法官决定将案件发回下级法院进行进一步审理。,devolver,El juez decidió devolver el caso al tribunal inferior para más procedimientos.,phát hồi,Thẩm phán quyết định phát hồi vụ án về tòa cấp dưới để xét xử thêm.,ส่งกลับ,ผู้พิพากษาตัดสินใจส่งคดีกลับไปยังศาลชั้นต้นเพื่อดำเนินการต่อไป,mengembalikan,Hakim memutuskan untuk mengembalikan kasus tersebut ke pengadilan yang lebih rendah untuk proses lebih lanjut.
technocratic,The new administration adopted a technocratic approach to economic policy reform.,기술관료적인,새 행정부는 경제 정책 개혁에 기술관료적 접근 방식을 채택했다.,テクノクラート的な,新政権は経済政策改革にテクノクラート的アプローチを採用した。,技术官僚的,新一届政府采取了技术官僚式的经济政策改革方法。,tecnocrático,La nueva administración adoptó un enfoque tecnocrático para la reforma de la política económica.,kỹ trị,Chính quyền mới áp dụng phương pháp kỹ trị trong cải cách chính sách kinh tế.,เทคโนแครต,รัฐบาลใหม่ใช้แนวทางเทคโนแครตในการปฏิรูปนโยบายเศรษฐกิจ,teknokratis,Pemerintahan baru mengadopsi pendekatan teknokratis untuk reformasi kebijakan ekonomi.
tort,The plaintiff filed a tort claim alleging negligence on the part of the manufacturer.,불법행위,원고는 제조업체의 과실을 주장하며 불법행위 소송을 제기했다.,不法行為,原告は製造者の過失を主張する不法行為の訴えを提起した。,侵权行为,原告提起了侵权诉讼，指控制造商存在过失。,agravio,El demandante presentó una demanda por agravio alegando negligencia por parte del fabricante.,hành vi xâm phạm,Nguyên đơn đã đệ đơn kiện hành vi xâm phạm cáo buộc sự bất cẩn của nhà sản xuất.,ละเมิด,โจทก์ยื่นฟ้องคดีละเมิดโดยกล่าวหาว่าผู้ผลิตประมาทเลินเล่อ,gugatan perdata,Penggugat mengajukan gugatan perdata yang menuduh kelalaian dari pihak produsen.
suffrage,Universal suffrage was achieved only after decades of persistent social activism.,참정권,보통 참정권은 수십 년간의 끈질긴 사회 운동 이후에야 달성되었다.,参政権,普通参政権は数十年にわたる粘り強い社会運動の後にようやく達成された。,选举权,普选权是在数十年的持续社会运动之后才实现的。,sufragio,El sufragio universal se logró solo después de décadas de activismo social persistente.,quyền bầu cử,Quyền bầu cử phổ thông chỉ đạt được sau nhiều thập kỷ hoạt động xã hội bền bỉ.,สิทธิเลือกตั้ง,สิทธิเลือกตั้งทั่วไปบรรลุได้หลังจากการเคลื่อนไหวทางสังคมอย่างต่อเนื่องเป็นเวลาหลายทศวรรษ,hak pilih,Hak pilih universal baru tercapai setelah puluhan tahun aktivisme sosial yang gigih.
ratify,All member states must ratify the treaty before it enters into force.,비준하다,모든 회원국은 조약이 발효되기 전에 비준해야 한다.,批准する,すべての加盟国は条約が発効する前にそれを批准しなければならない。,批准,所有成员国必须批准该条约才能使其生效。,ratificar,Todos los estados miembros deben ratificar el tratado antes de que entre en vigor.,phê chuẩn,Tất cả các quốc gia thành viên phải phê chuẩn hiệp ước trước khi nó có hiệu lực.,ให้สัตยาบัน,ทุกประเทศสมาชิกต้องให้สัตยาบันสนธิสัญญาก่อนที่จะมีผลบังคับใช้,meratifikasi,Semua negara anggota harus meratifikasi perjanjian sebelum berlaku.
despotism,Enlightenment philosophers wrote extensively against despotism and the arbitrary exercise of power.,전제정치,계몽주의 철학자들은 전제정치와 권력의 자의적 행사에 대해 광범위하게 저술했다.,専制政治,啓蒙思想家たちは専制政治と権力の恣意的行使に対して広範に著作を残した。,专制主义,启蒙哲学家们大量撰文反对专制主义和权力的任意行使。,despotismo,Los filósofos de la Ilustración escribieron extensamente contra el despotismo y el ejercicio arbitrario del poder.,chế độ chuyên chế,Các triết gia Khai sáng đã viết nhiều về chống chế độ chuyên chế và việc sử dụng quyền lực tùy tiện.,ระบอบเผด็จการ,นักปรัชญายุคเรืองปัญญาเขียนอย่างกว้างขวางเพื่อต่อต้านระบอบเผด็จการและการใช้อำนาจตามอำเภอใจ,despotisme,Para filsuf Pencerahan menulis secara luas menentang despotisme dan penggunaan kekuasaan yang sewenang-wenang.
recidivism,High recidivism rates suggest that the current rehabilitation programs are fundamentally inadequate.,재범률,높은 재범률은 현재의 교화 프로그램이 근본적으로 부적절함을 시사한다.,再犯率,高い再犯率は現在の更生プログラムが根本的に不十分であることを示唆している。,累犯率,高累犯率表明当前的改造计划从根本上是不够的。,reincidencia,Las altas tasas de reincidencia sugieren que los programas de rehabilitación actuales son fundamentalmente inadecuados.,tái phạm,Tỷ lệ tái phạm cao cho thấy các chương trình phục hồi hiện tại về cơ bản là không đầy đủ.,การกระทำผิดซ้ำ,อัตราการกระทำผิดซ้ำที่สูงบ่งชี้ว่าโปรแกรมฟื้นฟูปัจจุบันไม่เพียงพออย่างพื้นฐาน,residivisme,Tingkat residivisme yang tinggi menunjukkan bahwa program rehabilitasi saat ini pada dasarnya tidak memadai.
bicameral,The country operates under a bicameral legislature comprising a senate and a house of representatives.,양원제의,그 나라는 상원과 하원으로 구성된 양원제 입법부 하에서 운영된다.,二院制の,その国は上院と下院からなる二院制の議会のもとで運営されている。,两院制的,该国实行两院制立法机构，由参议院和众议院组成。,bicameral,El país opera bajo una legislatura bicameral que comprende un senado y una cámara de representantes.,lưỡng viện,Quốc gia hoạt động theo cơ chế lập pháp lưỡng viện gồm thượng viện và hạ viện.,สภาสองสภา,ประเทศดำเนินการภายใต้สภานิติบัญญัติสองสภาประกอบด้วยวุฒิสภาและสภาผู้แทนราษฎร,bikameral,Negara tersebut beroperasi di bawah badan legislatif bikameral yang terdiri dari senat dan dewan perwakilan.
fiduciary,Board members have a fiduciary duty to act in the best interests of shareholders.,수탁자의,이사회 구성원은 주주의 최선의 이익을 위해 행동해야 할 수탁자로서의 의무가 있다.,受託者の,取締役会メンバーは株主の最善の利益のために行動する受託者としての義務がある。,信托的,董事会成员有信托义务为股东的最大利益行事。,fiduciario,Los miembros de la junta tienen un deber fiduciario de actuar en el mejor interés de los accionistas.,ủy thác,Các thành viên hội đồng quản trị có nghĩa vụ ủy thác hành động vì lợi ích tốt nhất của cổ đông.,ในฐานะผู้ดูแลผลประโยชน์,สมาชิกคณะกรรมการมีหน้าที่ในฐานะผู้ดูแลผลประโยชน์เพื่อดำเนินการเพื่อประโยชน์สูงสุดของผู้ถือหุ้น,fidusia,Anggota dewan memiliki kewajiban fidusia untuk bertindak demi kepentingan terbaik pemegang saham.
abrogation,The abrogation of the treaty left a significant legal vacuum in international trade relations.,폐기,조약의 폐기는 국제 무역 관계에 상당한 법적 공백을 남겼다.,廃止,条約の廃止は国際貿易関係に大きな法的空白を残した。,废除,该条约的废除在国际贸易关系中留下了重大的法律真空。,abrogación,La abrogación del tratado dejó un vacío legal significativo en las relaciones comerciales internacionales.,sự bãi bỏ,Sự bãi bỏ hiệp ước đã để lại khoảng trống pháp lý đáng kể trong quan hệ thương mại quốc tế.,การยกเลิก,การยกเลิกสนธิสัญญาทำให้เกิดช่องว่างทางกฎหมายที่สำคัญในความสัมพันธ์การค้าระหว่างประเทศ,pencabutan,Pencabutan perjanjian tersebut meninggalkan kekosongan hukum yang signifikan dalam hubungan perdagangan internasional.
gerrymander,Opposition parties accused the ruling coalition of attempting to gerrymander electoral districts.,게리맨더링하다,야당은 여당 연합이 선거구를 게리맨더링하려 시도한다고 비난했다.,ゲリマンダーを行う,野党は与党連合が選挙区のゲリマンダーを試みていると非難した。,不公正划分选区,反对党指责执政联盟试图不公正地划分选区。,manipular los distritos electorales,Los partidos de oposición acusaron a la coalición gobernante de intentar manipular los distritos electorales.,gian lận phân chia khu vực bầu cử,Các đảng đối lập cáo buộc liên minh cầm quyền cố gắng gian lận phân chia khu vực bầu cử.,แบ่งเขตเลือกตั้งอย่างไม่เป็นธรรม,พรรคฝ่ายค้านกล่าวหาว่ารัฐบาลผสมพยายามแบ่งเขตเลือกตั้งอย่างไม่เป็นธรรม,manipulasi distrik pemilu,Partai oposisi menuduh koalisi yang berkuasa mencoba memanipulasi distrik pemilu.
culpability,The court examined the degree of culpability each executive bore for the financial scandal.,유죄성,법원은 각 임원이 금융 스캔들에 대해 지는 유죄성의 정도를 조사했다.,有罪性,裁判所は各幹部が金融スキャンダルに対してどの程度の有罪性を負うかを審査した。,罪责,法院审查了每位高管在金融丑闻中应承担的罪责程度。,culpabilidad,El tribunal examinó el grado de culpabilidad que cada ejecutivo tenía por el escándalo financiero.,tội lỗi,Tòa án xem xét mức độ tội lỗi mà mỗi giám đốc phải chịu cho vụ bê bối tài chính.,ความผิด,ศาลตรวจสอบระดับความผิดที่ผู้บริหารแต่ละคนมีต่อเรื่องอื้อฉาวทางการเงิน,kesalahan,Pengadilan memeriksa tingkat kesalahan yang ditanggung setiap eksekutif atas skandal keuangan tersebut.
extradition,The bilateral extradition treaty facilitated the transfer of the fugitive between jurisdictions.,범죄인 인도,양자 범죄인 인도 조약은 관할권 간 도주자의 이송을 용이하게 했다.,犯罪人引渡し,二国間の犯罪人引渡し条約は管轄区域間の逃亡者の移送を容易にした。,引渡,双边引渡条约促进了逃犯在司法管辖区之间的移交。,extradición,El tratado bilateral de extradición facilitó la transferencia del fugitivo entre jurisdicciones.,dẫn độ,Hiệp ước dẫn độ song phương đã tạo điều kiện cho việc chuyển giao tội phạm bỏ trốn giữa các khu vực tài phán.,การส่งผู้ร้ายข้ามแดน,สนธิสัญญาส่งผู้ร้ายข้ามแดนทวิภาคีอำนวยความสะดวกในการโอนตัวผู้หลบหนีระหว่างเขตอำนาจศาล,ekstradisi,Perjanjian ekstradisi bilateral memfasilitasi transfer buronan antara yurisdiksi.
perjury,The witness was subsequently charged with perjury for providing false testimony under oath.,위증,증인은 선서 하에 거짓 증언을 한 것에 대해 이후 위증 혐의로 기소되었다.,偽証,証人はその後宣誓の下で虚偽の証言を行ったとして偽証罪で起訴された。,伪证罪,该证人随后因在宣誓下提供虚假证词而被控伪证罪。,perjurio,El testigo fue posteriormente acusado de perjurio por proporcionar testimonio falso bajo juramento.,khai man,Nhân chứng sau đó bị buộc tội khai man vì đã cung cấp lời khai sai dưới lời tuyên thệ.,การเบิกความเท็จ,พยานถูกตั้งข้อหาเบิกความเท็จในภายหลังเนื่องจากให้การเท็จภายใต้คำสาบาน,sumpah palsu,Saksi tersebut kemudian didakwa dengan sumpah palsu karena memberikan kesaksian palsu di bawah sumpah.
theocracy,The scholar examined how theocracy shaped legal and social institutions in medieval Europe.,신정정치,그 학자는 신정정치가 중세 유럽의 법적 및 사회적 제도를 어떻게 형성했는지 조사했다.,神権政治,その学者は神権政治が中世ヨーロッパの法的・社会的制度をどのように形成したかを研究した。,神权政治,该学者研究了神权政治如何塑造了中世纪欧洲的法律和社会制度。,teocracia,El académico examinó cómo la teocracia moldeó las instituciones legales y sociales en la Europa medieval.,thần quyền,Học giả nghiên cứu cách thần quyền đã định hình các thể chế pháp luật và xã hội ở châu Âu thời trung cổ.,เทวาธิปไตย,นักวิชาการศึกษาว่าเทวาธิปไตยหล่อหลอมสถาบันทางกฎหมายและสังคมในยุโรปยุคกลางอย่างไร,teokrasi,Ilmuwan tersebut meneliti bagaimana teokrasi membentuk institusi hukum dan sosial di Eropa abad pertengahan.
statute,The statute of limitations for prosecuting financial fraud varies considerably across jurisdictions.,법령,금융 사기 기소에 대한 공소시효는 관할권에 따라 상당히 다르다.,法令,金融詐欺を起訴するための公訴時効は管轄区域によってかなり異なる。,法规,起诉金融欺诈的诉讼时效在不同司法管辖区之间差异很大。,estatuto,El estatuto de limitaciones para perseguir el fraude financiero varía considerablemente entre jurisdicciones.,đạo luật,Thời hiệu truy tố gian lận tài chính theo đạo luật khác nhau đáng kể giữa các khu vực tài phán.,พระราชบัญญัติ,อายุความตามพระราชบัญญัติสำหรับการฟ้องร้องการฉ้อโกงทางการเงินแตกต่างกันอย่างมากในแต่ละเขตอำนาจศาล,undang-undang,Undang-undang pembatasan untuk menuntut penipuan keuangan sangat bervariasi di berbagai yurisdiksi.
sovereignty,The debate over national sovereignty versus supranational governance remains deeply contentious.,주권,국가 주권 대 초국가적 거버넌스에 대한 논쟁은 여전히 매우 논쟁적이다.,主権,国家主権対超国家的統治についての議論は依然として深く論争的である。,主权,关于国家主权与超国家治理的辩论仍然存在深刻分歧。,soberanía,El debate sobre la soberanía nacional frente a la gobernanza supranacional sigue siendo profundamente contencioso.,chủ quyền,Cuộc tranh luận về chủ quyền quốc gia so với quản trị siêu quốc gia vẫn còn gây tranh cãi sâu sắc.,อธิปไตย,การถกเถียงเรื่องอธิปไตยของชาติกับการปกครองเหนือชาติยังคงเป็นที่ถกเถียงอย่างลึกซึ้ง,kedaulatan,Perdebatan mengenai kedaulatan nasional versus tata kelola supranasional tetap sangat kontroversial.
absolutism,The philosopher contrasted political absolutism with the principles of constitutional governance.,절대주의,그 철학자는 정치적 절대주의를 입헌 통치의 원칙과 대조했다.,絶対主義,その哲学者は政治的絶対主義と立憲統治の原則を対比させた。,专制主义,该哲学家将政治专制主义与宪政治理原则进行了对比。,absolutismo,El filósofo contrastó el absolutismo político con los principios de la gobernanza constitucional.,chủ nghĩa chuyên chế,Triết gia đã đối chiếu chủ nghĩa chuyên chế chính trị với các nguyên tắc quản trị hiến pháp.,ระบบสมบูรณาญาสิทธิราชย์,นักปรัชญาเปรียบเทียบระบบสมบูรณาญาสิทธิราชย์ทางการเมืองกับหลักการปกครองตามรัฐธรรมนูญ,absolutisme,Filsuf tersebut membandingkan absolutisme politik dengan prinsip-prinsip pemerintahan konstitusional.
emolument,The constitution explicitly prohibits public officials from receiving foreign emoluments.,보수,헌법은 공직자가 외국으로부터 보수를 받는 것을 명시적으로 금지하고 있다.,報酬,憲法は公務員が外国からの報酬を受け取ることを明確に禁止している。,薪酬,宪法明确禁止公职人员接受外国薪酬。,emolumento,La constitución prohíbe explícitamente que los funcionarios públicos reciban emolumentos extranjeros.,thù lao,Hiến pháp cấm rõ ràng các quan chức công nhận thù lao từ nước ngoài.,ค่าตอบแทน,รัฐธรรมนูญห้ามเจ้าหน้าที่ของรัฐรับค่าตอบแทนจากต่างประเทศอย่างชัดเจน,imbalan,Konstitusi secara eksplisit melarang pejabat publik menerima imbalan dari pihak asing.
deliberative,Deliberative democracy emphasizes informed public discussion as the basis for legitimate decision-making.,숙의적인,숙의 민주주의는 정당한 의사 결정의 기반으로서 정보에 기반한 공개 토론을 강조한다.,熟議的な,熟議民主主義は正当な意思決定の基盤として情報に基づく公的議論を強調する。,审议性的,审议民主强调以知情的公共讨论作为合法决策的基础。,deliberativo,La democracia deliberativa enfatiza la discusión pública informada como base para la toma de decisiones legítima.,thảo luận,Dân chủ thảo luận nhấn mạnh thảo luận công khai có hiểu biết là cơ sở cho việc ra quyết định hợp pháp.,เกี่ยวกับการพิจารณา,ประชาธิปไตยแบบปรึกษาหารือเน้นการอภิปรายสาธารณะอย่างมีข้อมูลเป็นพื้นฐานของการตัดสินใจที่ชอบธรรม,deliberatif,Demokrasi deliberatif menekankan diskusi publik yang terinformasi sebagai dasar pengambilan keputusan yang sah.
libertarian,Libertarian political philosophy prioritizes individual freedom over collective state intervention.,자유지상주의의,자유지상주의 정치 철학은 집단적 국가 개입보다 개인의 자유를 우선시한다.,リバタリアンの,リバタリアン政治哲学は集団的国家介入よりも個人の自由を優先する。,自由意志主义的,自由意志主义政治哲学将个人自由置于集体国家干预之上。,libertario,La filosofía política libertaria prioriza la libertad individual sobre la intervención estatal colectiva.,chủ nghĩa tự do cá nhân,Triết học chính trị chủ nghĩa tự do cá nhân ưu tiên tự do cá nhân hơn sự can thiệp tập thể của nhà nước.,เสรีนิยมสุดโต่ง,ปรัชญาการเมืองแบบเสรีนิยมสุดโต่งให้ความสำคัญกับเสรีภาพส่วนบุคคลมากกว่าการแทรกแซงของรัฐ,libertarian,Filosofi politik libertarian memprioritaskan kebebasan individu di atas intervensi negara kolektif.
juristic,The juristic interpretation of the amendment has evolved significantly over the past century.,법률적인,그 수정안의 법률적 해석은 지난 세기 동안 크게 발전해 왔다.,法律上の,その修正条項の法律上の解釈は過去一世紀にわたり大きく進化してきた。,法律上的,该修正案的法律解释在过去一个世纪中发生了重大演变。,jurídico,La interpretación jurídica de la enmienda ha evolucionado significativamente durante el último siglo.,pháp lý,Cách giải thích pháp lý về tu chính án đã phát triển đáng kể trong thế kỷ qua.,ทางนิติศาสตร์,การตีความทางนิติศาสตร์ของการแก้ไขเพิ่มเติมได้พัฒนาอย่างมากในช่วงศตวรรษที่ผ่านมา,yuridis,Interpretasi yuridis atas amandemen tersebut telah berkembang secara signifikan selama satu abad terakhir.
clemency,The governor exercised clemency and commuted the prisoner's death sentence to life imprisonment.,관용,주지사는 관용을 베풀어 수감자의 사형을 종신형으로 감형했다.,恩赦,知事は恩赦を行使し囚人の死刑判決を終身刑に減刑した。,宽大处理,州长行使宽大权力，将囚犯的死刑减为终身监禁。,clemencia,El gobernador ejerció clemencia y conmutó la sentencia de muerte del prisionero a cadena perpetua.,khoan hồng,Thống đốc đã thực hiện sự khoan hồng và giảm án tử hình của tù nhân thành tù chung thân.,การอภัยโทษ,ผู้ว่าการรัฐใช้อำนาจอภัยโทษและลดโทษประหารชีวิตของนักโทษเป็นจำคุกตลอดชีวิต,grasi,Gubernur menggunakan hak grasi dan mengubah hukuman mati narapidana menjadi penjara seumur hidup.
polemic,Her latest book is a sharp polemic against the erosion of civil liberties in democratic states.,논쟁서,그녀의 최신 저서는 민주주의 국가에서의 시민 자유 침해에 대한 날카로운 논쟁서이다.,論争文,彼女の最新作は民主主義国家における市民的自由の侵食に対する鋭い論争文である。,论战,她的最新著作是对民主国家公民自由遭到侵蚀的尖锐论战。,polémica,Su último libro es una aguda polémica contra la erosión de las libertades civiles en los estados democráticos.,bài luận chiến,Cuốn sách mới nhất của bà là một bài luận chiến sắc bén chống lại sự xói mòn quyền tự do dân sự.,บทโต้แย้ง,หนังสือเล่มล่าสุดของเธอเป็นบทโต้แย้งอย่างแหลมคมต่อการกัดเซาะเสรีภาพพลเมืองในรัฐประชาธิปไตย,polemik,Buku terbarunya merupakan polemik tajam terhadap erosi kebebasan sipil di negara-negara demokratis.
egalitarian,The movement championed egalitarian principles to address systemic social inequalities.,평등주의적인,그 운동은 체계적 사회 불평등을 해결하기 위해 평등주의적 원칙을 옹호했다.,平等主義の,その運動は体系的な社会的不平等に対処するために平等主義の原則を支持した。,平等主义的,该运动倡导平等主义原则以解决系统性的社会不平等。,igualitario,El movimiento defendió los principios igualitarios para abordar las desigualdades sociales sistémicas.,bình đẳng,Phong trào ủng hộ các nguyên tắc bình đẳng để giải quyết bất bình đẳng xã hội có hệ thống.,เสมอภาค,ขบวนการสนับสนุนหลักการเสมอภาคเพื่อแก้ไขความไม่เท่าเทียมทางสังคมเชิงระบบ,egaliter,Gerakan tersebut memperjuangkan prinsip egaliter untuk mengatasi ketidaksetaraan sosial yang sistemik.
appellate,The appellate court overturned the lower court's ruling on procedural grounds.,항소의,항소 법원은 절차적 근거로 하급 법원의 판결을 뒤집었다.,控訴の,控訴裁判所は手続き上の理由で下級裁判所の判決を覆した。,上诉的,上诉法院以程序理由推翻了下级法院的裁决。,de apelación,El tribunal de apelación revocó la sentencia del tribunal inferior por motivos procedimentales.,phúc thẩm,Tòa phúc thẩm đã lật lại phán quyết của tòa cấp dưới trên cơ sở thủ tục.,อุทธรณ์,ศาลอุทธรณ์พลิกคำตัดสินของศาลชั้นต้นด้วยเหตุผลทางกระบวนพิจารณา,banding,Pengadilan banding membatalkan putusan pengadilan yang lebih rendah atas dasar prosedural.
demagogue,History demonstrates how a demagogue can exploit public fear to consolidate political power.,선동가,역사는 선동가가 어떻게 대중의 공포를 이용하여 정치적 권력을 강화할 수 있는지 보여준다.,扇動家,歴史はデマゴーグが大衆の恐怖を利用して政治権力を強固にする方法を示している。,煽动家,历史表明煽动家如何利用公众恐惧来巩固政治权力。,demagogo,La historia demuestra cómo un demagogo puede explotar el miedo público para consolidar el poder político.,kẻ mị dân,Lịch sử cho thấy kẻ mị dân có thể lợi dụng nỗi sợ của công chúng để củng cố quyền lực chính trị.,นักปลุกระดม,ประวัติศาสตร์แสดงให้เห็นว่านักปลุกระดมสามารถใช้ประโยชน์จากความกลัวของสาธารณชนเพื่อรวบรวมอำนาจทางการเมือง,demagog,Sejarah menunjukkan bagaimana seorang demagog dapat mengeksploitasi ketakutan publik untuk mengkonsolidasi kekuasaan politik.
codify,The commission was tasked with codifying existing customary practices into formal statutory law.,성문화하다,위원회는 기존의 관습적 관행을 공식적인 성문법으로 성문화하는 임무를 맡았다.,法典化する,委員会は既存の慣習的慣行を正式な制定法に法典化する任務を負った。,编纂,委员会的任务是将现有的习惯做法编纂成正式的成文法。,codificar,La comisión fue encargada de codificar las prácticas consuetudinarias existentes en ley estatutaria formal.,pháp điển hóa,Ủy ban được giao nhiệm vụ pháp điển hóa các thông lệ hiện hành thành luật thành văn chính thức.,รวบรวมเป็นประมวลกฎหมาย,คณะกรรมการได้รับมอบหมายให้รวบรวมแนวปฏิบัติตามจารีตประเพณีที่มีอยู่เป็นกฎหมายลายลักษณ์อักษรอย่างเป็นทางการ,mengkodifikasi,Komisi ditugaskan untuk mengkodifikasi praktik adat yang ada menjadi hukum undang-undang formal.
meritocracy,Proponents argue that a genuine meritocracy rewards talent and effort regardless of social background.,능력주의,지지자들은 진정한 능력주의가 사회적 배경에 관계없이 재능과 노력에 보상한다고 주장한다.,実力主義,支持者たちは真の実力主義は社会的背景に関係なく才能と努力に報いると主張する。,精英制度,支持者认为真正的精英制度不论社会背景如何都会奖励才能和努力。,meritocracia,Los defensores argumentan que una meritocracia genuina recompensa el talento y el esfuerzo independientemente del origen social.,chế độ nhân tài,Những người ủng hộ lập luận rằng chế độ nhân tài đích thực sẽ khen thưởng tài năng và nỗ lực bất kể xuất thân xã hội.,ระบบคุณธรรม,ผู้สนับสนุนโต้แย้งว่าระบบคุณธรรมที่แท้จริงให้รางวัลแก่ความสามารถและความพยายามโดยไม่คำนึงถึงภูมิหลังทางสังคม,meritokrasi,Para pendukung berpendapat bahwa meritokrasi sejati menghargai bakat dan usaha tanpa memandang latar belakang sosial.
subpoena,The committee issued a subpoena compelling the executive to testify before the inquiry.,소환장,위원회는 그 임원에게 조사 위원회 앞에서 증언하도록 강제하는 소환장을 발부했다.,召喚状,委員会は幹部に調査委員会での証言を強制する召喚状を発行した。,传票,委员会发出传票，要求该高管在调查中作证。,citación judicial,El comité emitió una citación judicial obligando al ejecutivo a testificar ante la investigación.,trát hầu tòa,Ủy ban đã ban hành trát hầu tòa buộc giám đốc phải ra điều trần trước cuộc điều tra.,หมายเรียก,คณะกรรมการออกหมายเรียกบังคับให้ผู้บริหารมาให้การต่อหน้าคณะสอบสวน,surat panggilan,Komite mengeluarkan surat panggilan yang memaksa eksekutif untuk bersaksi di hadapan penyelidikan.
disenfranchise,Restrictive voter identification laws disproportionately disenfranchise marginalized communities.,선거권을 박탈하다,제한적인 유권자 신분증 법률은 소외된 공동체의 선거권을 불균형적으로 박탈한다.,選挙権を剥奪する,制限的な有権者身分証明法は周縁化されたコミュニティの選挙権を不均衡に剥奪している。,剥夺选举权,限制性的选民身份证法律不成比例地剥夺了边缘化社区的选举权。,privar del derecho al voto,Las leyes restrictivas de identificación de votantes privan desproporcionadamente del derecho al voto a las comunidades marginadas.,tước quyền bầu cử,Các luật yêu cầu giấy tờ tùy thân cử tri hạn chế tước quyền bầu cử của các cộng đồng bị thiệt thòi một cách không cân xứng.,ตัดสิทธิเลือกตั้ง,กฎหมายบัตรประจำตัวผู้มีสิทธิเลือกตั้งที่เข้มงวดตัดสิทธิเลือกตั้งของชุมชนชายขอบอย่างไม่สมสัดส่วน,mencabut hak pilih,Undang-undang identifikasi pemilih yang restriktif secara tidak proporsional mencabut hak pilih komunitas terpinggirkan.
utilitarianism,Utilitarianism evaluates the morality of actions based on their capacity to maximize overall well-being.,공리주의,공리주의는 행동의 도덕성을 전체적인 복지를 극대화하는 능력에 기반하여 평가한다.,功利主義,功利主義は行動の道徳性をそれが全体的な幸福を最大化する能力に基づいて評価する。,功利主义,功利主义根据行为最大化整体福祉的能力来评估其道德性。,utilitarismo,El utilitarismo evalúa la moralidad de las acciones basándose en su capacidad para maximizar el bienestar general.,chủ nghĩa vị lợi,Chủ nghĩa vị lợi đánh giá đạo đức của hành động dựa trên khả năng tối đa hóa phúc lợi chung.,ลัทธิอรรถประโยชน์,ลัทธิอรรถประโยชน์ประเมินศีลธรรมของการกระทำจากความสามารถในการเพิ่มความเป็นอยู่ที่ดีโดยรวมให้สูงสุด,utilitarianisme,Utilitarianisme mengevaluasi moralitas tindakan berdasarkan kapasitasnya untuk memaksimalkan kesejahteraan secara keseluruhan.
probity,Public servants are expected to demonstrate the highest standards of probity in financial matters.,청렴,공무원은 재정 문제에서 최고 수준의 청렴을 보여줄 것으로 기대된다.,廉潔さ,公務員は財政問題において最高水準の廉潔さを示すことが期待されている。,廉正,公务员应在财务事务中展示最高标准的廉正。,probidad,Se espera que los servidores públicos demuestren los más altos estándares de probidad en asuntos financieros.,liêm chính,Công chức được kỳ vọng thể hiện tiêu chuẩn cao nhất về liêm chính trong các vấn đề tài chính.,ความซื่อสัตย์สุจริต,ข้าราชการถูกคาดหวังให้แสดงมาตรฐานความซื่อสัตย์สุจริตสูงสุดในเรื่องการเงิน,kejujuran,Pegawai negeri diharapkan menunjukkan standar kejujuran tertinggi dalam urusan keuangan.
contravene,The regulation was struck down because it contravened fundamental constitutional protections.,위반하다,그 규정은 기본적인 헌법적 보호를 위반했기 때문에 무효화되었다.,違反する,その規制は基本的な憲法上の保護に違反したため無効とされた。,违反,该法规因违反基本宪法保护而被废除。,contravenir,La regulación fue anulada porque contravenía las protecciones constitucionales fundamentales.,vi phạm,Quy định đã bị bãi bỏ vì vi phạm các quyền bảo vệ hiến pháp cơ bản.,ฝ่าฝืน,กฎระเบียบถูกยกเลิกเพราะฝ่าฝืนการคุ้มครองตามรัฐธรรมนูญขั้นพื้นฐาน,melanggar,Peraturan tersebut dibatalkan karena melanggar perlindungan konstitusional yang mendasar.
inalienable,The declaration affirmed that all individuals possess inalienable rights to life and liberty.,양도할 수 없는,선언문은 모든 개인이 생명과 자유에 대한 양도할 수 없는 권리를 가지고 있음을 확인했다.,不可譲の,宣言はすべての個人が生命と自由に対する不可譲の権利を持つことを確認した。,不可剥夺的,该宣言确认所有个人拥有不可剥夺的生命和自由权利。,inalienable,La declaración afirmó que todos los individuos poseen derechos inalienables a la vida y la libertad.,bất khả xâm phạm,Tuyên ngôn khẳng định rằng tất cả các cá nhân đều có quyền bất khả xâm phạm về sự sống và tự do.,ที่ไม่อาจโอนได้,คำประกาศยืนยันว่าบุคคลทุกคนมีสิทธิที่ไม่อาจโอนได้ในชีวิตและเสรีภาพ,yang tidak dapat dicabut,Deklarasi tersebut menegaskan bahwa semua individu memiliki hak yang tidak dapat dicabut atas kehidupan dan kebebasan.
nihilism,The philosopher explored how nihilism challenges the foundations of objective moral truth.,허무주의,그 철학자는 허무주의가 객관적 도덕적 진리의 기초를 어떻게 도전하는지 탐구했다.,ニヒリズム,その哲学者はニヒリズムが客観的な道徳的真理の基盤にどのように挑戦するかを探究した。,虚无主义,该哲学家探讨了虚无主义如何挑战客观道德真理的基础。,nihilismo,El filósofo exploró cómo el nihilismo desafía los fundamentos de la verdad moral objetiva.,chủ nghĩa hư vô,Triết gia khám phá cách chủ nghĩa hư vô thách thức nền tảng của chân lý đạo đức khách quan.,ลัทธินิฮิลลิสม์,นักปรัชญาสำรวจว่าลัทธินิฮิลลิสม์ท้าทายรากฐานของความจริงทางศีลธรรมที่เป็นปรนัยอย่างไร,nihilisme,Filsuf tersebut mengeksplorasi bagaimana nihilisme menantang fondasi kebenaran moral yang objektif.
moratorium,The government declared a moratorium on deep-sea drilling pending environmental review.,모라토리엄,정부는 환경 검토가 완료될 때까지 심해 시추에 대한 모라토리엄을 선언했다.,一時停止,政府は環境審査を待つ間深海掘削の一時停止を宣言した。,暂停,政府宣布在环境审查期间暂停深海钻探。,moratoria,El gobierno declaró una moratoria sobre la perforación en aguas profundas en espera de una revisión ambiental.,lệnh hoãn,Chính phủ tuyên bố lệnh hoãn khoan biển sâu trong khi chờ đánh giá môi trường.,การพักชำระ,รัฐบาลประกาศพักการขุดเจาะน้ำลึกจนกว่าจะมีการตรวจสอบด้านสิ่งแวดล้อม,moratorium,Pemerintah menyatakan moratorium pengeboran laut dalam sambil menunggu tinjauan lingkungan.
nepotism,The appointment was widely criticized as an instance of flagrant nepotism within the administration.,족벌주의,그 임명은 행정부 내의 노골적인 족벌주의의 사례로 광범위하게 비판받았다.,縁故主義,その任命は政権内の露骨な縁故主義の例として広く批判された。,裙带关系,该任命被广泛批评为政府内部公然裙带关系的实例。,nepotismo,El nombramiento fue ampliamente criticado como un caso de nepotismo flagrante dentro de la administración.,chế độ gia đình trị,Việc bổ nhiệm bị chỉ trích rộng rãi là một trường hợp gia đình trị trắng trợn trong chính quyền.,ระบบอุปถัมภ์,การแต่งตั้งถูกวิพากษ์วิจารณ์อย่างกว้างขวางว่าเป็นกรณีระบบอุปถัมภ์อย่างโจ่งแจ้งภายในรัฐบาล,nepotisme,Pengangkatan tersebut dikritik secara luas sebagai contoh nepotisme yang mencolok dalam pemerintahan.
arbitration,Both parties agreed to resolve the commercial dispute through binding international arbitration.,중재,양측은 구속력 있는 국제 중재를 통해 상업 분쟁을 해결하기로 합의했다.,仲裁,両当事者は拘束力のある国際仲裁を通じて商事紛争を解決することに同意した。,仲裁,双方同意通过具有约束力的国际仲裁解决商业争端。,arbitraje,Ambas partes acordaron resolver la disputa comercial mediante arbitraje internacional vinculante.,trọng tài,Cả hai bên đồng ý giải quyết tranh chấp thương mại thông qua trọng tài quốc tế có ràng buộc.,อนุญาโตตุลาการ,ทั้งสองฝ่ายตกลงที่จะแก้ไขข้อพิพาททางการค้าผ่านอนุญาโตตุลาการระหว่างประเทศที่มีผลผูกพัน,arbitrase,Kedua belah pihak setuju untuk menyelesaikan sengketa komersial melalui arbitrase internasional yang mengikat.
disenfranchisement,Systematic disenfranchisement of minority voters remains a pressing concern in electoral reform debates.,선거권 박탈,소수 유권자의 체계적 선거권 박탈은 선거 개혁 논쟁에서 여전히 긴급한 관심사이다.,選挙権剥奪,少数派有権者の組織的な選挙権剥奪は選挙改革の議論において差し迫った懸念のままである。,剥夺选举权,系统性地剥夺少数族裔选民的选举权仍然是选举改革辩论中的紧迫问题。,privación del derecho al voto,La privación sistemática del derecho al voto de los votantes minoritarios sigue siendo una preocupación urgente en los debates de reforma electoral.,sự tước quyền bầu cử,Sự tước quyền bầu cử có hệ thống của cử tri thiểu số vẫn là mối quan tâm cấp bách trong các cuộc tranh luận về cải cách bầu cử.,การตัดสิทธิเลือกตั้ง,การตัดสิทธิเลือกตั้งอย่างเป็นระบบของผู้มีสิทธิเลือกตั้งกลุ่มน้อยยังคงเป็นความกังวลเร่งด่วนในการอภิปรายปฏิรูปการเลือกตั้ง,pencabutan hak pilih,Pencabutan hak pilih yang sistematis terhadap pemilih minoritas tetap menjadi perhatian mendesak dalam debat reformasi pemilu.
existentialism,Existentialism asserts that individuals must create meaning through authentic personal choices.,실존주의,실존주의는 개인이 진정한 개인적 선택을 통해 의미를 창조해야 한다고 주장한다.,実存主義,実存主義は個人が真正な個人的選択を通じて意味を創造しなければならないと主張する。,存在主义,存在主义认为个人必须通过真实的个人选择来创造意义。,existencialismo,El existencialismo afirma que los individuos deben crear significado a través de elecciones personales auténticas.,chủ nghĩa hiện sinh,Chủ nghĩa hiện sinh khẳng định rằng cá nhân phải tạo ra ý nghĩa thông qua những lựa chọn cá nhân chân thực.,อัตถิภาวนิยม,อัตถิภาวนิยมยืนยันว่าบุคคลต้องสร้างความหมายผ่านการเลือกส่วนบุคคลที่แท้จริง,eksistensialisme,Eksistensialisme menegaskan bahwa individu harus menciptakan makna melalui pilihan pribadi yang autentik.
machiavellian,The minister's machiavellian tactics of political manipulation ultimately backfired spectacularly.,마키아벨리적인,장관의 마키아벨리적인 정치적 조작 전술은 결국 극적으로 역효과를 냈다.,マキャベリ的な,大臣のマキャベリ的な政治操作の戦術は最終的に劇的に裏目に出た。,马基雅维利式的,部长马基雅维利式的政治操纵手段最终产生了惊人的反效果。,maquiavélico,Las tácticas maquiavélicas de manipulación política del ministro finalmente resultaron contraproducentes de manera espectacular.,mưu mô,Chiến thuật mưu mô thao túng chính trị của bộ trưởng cuối cùng đã phản tác dụng ngoạn mục.,เจ้าเล่ห์,กลยุทธ์เจ้าเล่ห์ในการชักใยทางการเมืองของรัฐมนตรีในที่สุดก็ย้อนกลับมาทำร้ายตัวเองอย่างน่าตื่นตาตื่นใจ,machiavelis,Taktik machiavelis manipulasi politik menteri tersebut akhirnya menjadi bumerang secara spektakuler.
epistemology,Contemporary epistemology grapples with how digital information shapes our understanding of knowledge.,인식론,현대 인식론은 디지털 정보가 우리의 지식 이해를 어떻게 형성하는지와 씨름하고 있다.,認識論,現代の認識論はデジタル情報がいかに知識の理解を形作るかという問題に取り組んでいる。,认识论,当代认识论探讨数字信息如何塑造我们对知识的理解。,epistemología,La epistemología contemporánea se enfrenta a cómo la información digital moldea nuestra comprensión del conocimiento.,nhận thức luận,Nhận thức luận đương đại đang vật lộn với cách thông tin số định hình sự hiểu biết của chúng ta về tri thức.,ญาณวิทยา,ญาณวิทยาร่วมสมัยต่อสู้กับวิธีที่ข้อมูลดิจิทัลหล่อหลอมความเข้าใจเรื่องความรู้ของเรา,epistemologi,Epistemologi kontemporer bergulat dengan bagaimana informasi digital membentuk pemahaman kita tentang pengetahuan.
injunction,The court granted a preliminary injunction to halt construction near the protected wetlands.,금지 명령,법원은 보호 습지 근처의 건설을 중단시키기 위한 예비적 금지 명령을 승인했다.,差止命令,裁判所は保護湿地近くの建設を停止させる仮差止命令を認めた。,禁令,法院发出了初步禁令，以阻止在受保护湿地附近的建设。,orden judicial,El tribunal concedió una orden judicial preliminar para detener la construcción cerca de los humedales protegidos.,lệnh cấm,Tòa án đã ban hành lệnh cấm sơ bộ để ngăn chặn việc xây dựng gần vùng đất ngập nước được bảo vệ.,คำสั่งศาล,ศาลออกคำสั่งศาลเบื้องต้นเพื่อระงับการก่อสร้างใกล้พื้นที่ชุ่มน้ำที่ได้รับการคุ้มครอง,perintah pengadilan,Pengadilan mengabulkan perintah pengadilan awal untuk menghentikan pembangunan di dekat lahan basah yang dilindungi.
ontology,Ontology investigates the fundamental nature of being and the categories of existence.,존재론,존재론은 존재의 근본적 본질과 존재의 범주를 탐구한다.,存在論,存在論は存在の根本的な本質と存在のカテゴリーを研究する。,本体论,本体论研究存在的根本性质和存在的范畴。,ontología,La ontología investiga la naturaleza fundamental del ser y las categorías de la existencia.,bản thể luận,Bản thể luận nghiên cứu bản chất cơ bản của sự tồn tại và các phạm trù của hiện hữu.,ภววิทยา,ภววิทยาสำรวจธรรมชาติพื้นฐานของการดำรงอยู่และหมวดหมู่ของสิ่งที่มีอยู่,ontologi,Ontologi menyelidiki sifat fundamental keberadaan dan kategori eksistensi.
recuse,The judge was compelled to recuse herself from the case due to a conflict of interest.,기피하다,판사는 이해 충돌로 인해 해당 사건에서 기피해야 했다.,忌避する,裁判官は利益相反のためその事件から自らを忌避せざるを得なかった。,回避,法官因利益冲突被迫回避该案件。,recusarse,La jueza se vio obligada a recusarse del caso debido a un conflicto de intereses.,từ chối thụ lý,Thẩm phán buộc phải từ chối thụ lý vụ án do xung đột lợi ích.,ถอนตัว,ผู้พิพากษาถูกบังคับให้ถอนตัวจากคดีเนื่องจากมีผลประโยชน์ทับซ้อน,mengundurkan diri,Hakim terpaksa mengundurkan diri dari kasus tersebut karena konflik kepentingan.
teleology,Teleology in ethics examines whether the moral worth of actions depends on their intended outcomes.,목적론,윤리학에서의 목적론은 행동의 도덕적 가치가 의도된 결과에 달려 있는지 검토한다.,目的論,倫理学における目的論は行為の道徳的価値がその意図された結果に依存するかどうかを検討する。,目的论,伦理学中的目的论探讨行为的道德价值是否取决于其预期结果。,teleología,La teleología en la ética examina si el valor moral de las acciones depende de sus resultados previstos.,mục đích luận,Mục đích luận trong đạo đức học xem xét liệu giá trị đạo đức của hành động có phụ thuộc vào kết quả dự định không.,เทเลโอโลยี,เทเลโอโลยีในจริยศาสตร์ตรวจสอบว่าคุณค่าทางศีลธรรมของการกระทำขึ้นอยู่กับผลลัพธ์ที่ตั้งใจไว้หรือไม่,teleologi,Teleologi dalam etika memeriksa apakah nilai moral tindakan bergantung pada hasil yang dimaksudkan.
rescind,The administration moved to rescind the executive order following widespread judicial challenges.,철회하다,행정부는 광범위한 사법적 도전에 따라 행정 명령을 철회하기 위해 움직였다.,撤回する,政権は広範な司法的異議を受けてその大統領令を撤回する動きを見せた。,撤销,在广泛的司法挑战之后，政府采取行动撤销了该行政命令。,rescindir,La administración procedió a rescindir la orden ejecutiva tras numerosos desafíos judiciales.,hủy bỏ,Chính quyền đã hành động để hủy bỏ sắc lệnh hành pháp sau các thách thức tư pháp rộng rãi.,ยกเลิก,รัฐบาลดำเนินการยกเลิกคำสั่งฝ่ายบริหารหลังจากถูกท้าทายทางตุลาการอย่างกว้างขวาง,mencabut,Pemerintah bertindak untuk mencabut perintah eksekutif setelah tantangan hukum yang meluas.
deontological,Deontological ethics holds that certain actions are inherently right or wrong regardless of consequences.,의무론적인,의무론적 윤리학은 특정 행동이 결과에 관계없이 본질적으로 옳거나 그르다고 주장한다.,義務論的な,義務論的倫理学は特定の行為が結果に関係なく本質的に正しいか間違っているかであると主張する。,义务论的,义务论伦理学认为某些行为不论后果如何，本质上是对的或错的。,deontológico,La ética deontológica sostiene que ciertas acciones son inherentemente correctas o incorrectas independientemente de las consecuencias.,nghĩa vụ luận,Đạo đức nghĩa vụ luận cho rằng một số hành động vốn dĩ đúng hoặc sai bất kể hậu quả.,จริยศาสตร์หน้าที่,จริยศาสตร์หน้าที่ถือว่าการกระทำบางอย่างเป็นสิ่งที่ถูกหรือผิดโดยเนื้อแท้โดยไม่คำนึงถึงผลลัพธ์,deontologis,Etika deontologis berpendapat bahwa tindakan tertentu secara inheren benar atau salah tanpa memandang konsekuensinya.
filibuster,The opposition party threatened to filibuster the bill to prevent its passage before the recess.,의사진행 방해,야당은 휴회 전에 법안 통과를 막기 위해 의사진행 방해를 하겠다고 위협했다.,議事妨害,野党は休会前の法案通過を阻止するために議事妨害を行うと脅した。,冗长辩论阻挠,反对党威胁要通过冗长辩论阻挠该法案，以阻止其在休会前通过。,obstruccionismo,El partido de oposición amenazó con recurrir al obstruccionismo para impedir la aprobación del proyecto de ley antes del receso.,cản trở nghị sự,Đảng đối lập đe dọa sẽ cản trở nghị sự đối với dự luật để ngăn chặn việc thông qua trước kỳ nghỉ.,การอภิปรายไม่ไว้วางใจ,พรรคฝ่ายค้านขู่ว่าจะอภิปรายยืดเวลาเพื่อขัดขวางร่างกฎหมายก่อนปิดสมัยประชุม,filibuster,Partai oposisi mengancam akan melakukan filibuster terhadap RUU tersebut untuk mencegah pengesahannya sebelum masa reses.
quorum,The session could not proceed as the legislative body failed to achieve a quorum.,정족수,입법부가 정족수를 충족하지 못해 회의를 진행할 수 없었다.,定足数,議会が定足数を達成できなかったため審議を進めることができなかった。,法定人数,由于立法机构未能达到法定人数，会议无法继续进行。,quórum,La sesión no pudo continuar ya que el cuerpo legislativo no logró alcanzar el quórum.,số đại biểu cần thiết,Phiên họp không thể tiến hành vì cơ quan lập pháp không đạt được số đại biểu cần thiết.,องค์ประชุม,การประชุมไม่สามารถดำเนินต่อได้เนื่องจากสภานิติบัญญัติไม่ครบองค์ประชุม,kuorum,Sidang tidak dapat dilanjutkan karena badan legislatif gagal mencapai kuorum.
determinism,Philosophical determinism poses a fundamental challenge to conventional notions of moral responsibility.,결정론,철학적 결정론은 도덕적 책임에 대한 전통적 개념에 근본적인 도전을 제기한다.,決定論,哲学的決定論は道徳的責任に関する従来の概念に根本的な挑戦を投げかけている。,决定论,哲学决定论对道德责任的传统概念提出了根本性挑战。,determinismo,El determinismo filosófico plantea un desafío fundamental a las nociones convencionales de responsabilidad moral.,thuyết tất định,Thuyết tất định triết học đặt ra thách thức cơ bản đối với các quan niệm thông thường về trách nhiệm đạo đức.,นิยัตินิยม,นิยัตินิยมทางปรัชญาเป็นความท้าทายพื้นฐานต่อแนวคิดทั่วไปเรื่องความรับผิดชอบทางศีลธรรม,determinisme,Determinisme filosofis menimbulkan tantangan mendasar terhadap gagasan konvensional tentang tanggung jawab moral.
amnesty,The transitional government offered amnesty to political prisoners as part of the reconciliation process.,사면,과도 정부는 화해 과정의 일환으로 정치범에게 사면을 제공했다.,恩赦,暫定政府は和解プロセスの一環として政治犯に恩赦を提供した。,大赦,过渡政府向政治犯提供大赦作为和解进程的一部分。,amnistía,El gobierno de transición ofreció amnistía a los presos políticos como parte del proceso de reconciliación.,ân xá,Chính phủ chuyển tiếp đã ban ân xá cho các tù nhân chính trị như một phần của quá trình hòa giải.,การนิรโทษกรรม,รัฐบาลเฉพาะกาลเสนอนิรโทษกรรมแก่นักโทษการเมืองเป็นส่วนหนึ่งของกระบวนการปรองดอง,amnesti,Pemerintah transisi menawarkan amnesti kepada tahanan politik sebagai bagian dari proses rekonsiliasi.
solipsism,Solipsism represents the extreme philosophical position that only one's own mind is certain to exist.,유아론,유아론은 자신의 마음만이 확실히 존재한다는 극단적인 철학적 입장을 대표한다.,唯我論,唯我論は自分自身の心だけが確実に存在するという極端な哲学的立場を表す。,唯我论,唯我论代表着一种极端的哲学立场，认为只有自己的心灵才确定存在。,solipsismo,El solipsismo representa la posición filosófica extrema de que solo la propia mente tiene certeza de existir.,duy ngã luận,Duy ngã luận đại diện cho lập trường triết học cực đoan rằng chỉ có tâm trí của chính mình mới chắc chắn tồn tại.,อัตตาณัตินิยม,อัตตาณัตินิยมแสดงถึงจุดยืนทางปรัชญาที่สุดโต่งว่ามีเพียงจิตใจของตนเองเท่านั้นที่แน่นอนว่ามีอยู่,solipsisme,Solipsisme mewakili posisi filosofis ekstrem bahwa hanya pikiran sendiri yang pasti ada.
extrajudicial,Human rights organizations condemned the regime's use of extrajudicial detention and punishment.,사법 외의,인권 단체들은 정권의 사법 외 구금 및 처벌 사용을 비난했다.,超法規的な,人権団体はその政権の超法規的な拘禁と処罰の使用を非難した。,法外的,人权组织谴责该政权使用法外拘留和惩罚。,extrajudicial,Las organizaciones de derechos humanos condenaron el uso de detención y castigo extrajudicial por parte del régimen.,ngoài tư pháp,Các tổ chức nhân quyền lên án việc chế độ sử dụng giam giữ và trừng phạt ngoài tư pháp.,นอกกระบวนการยุติธรรม,องค์กรสิทธิมนุษยชนประณามการใช้การกักขังและการลงโทษนอกกระบวนการยุติธรรมของระบอบ,ekstrayudisial,Organisasi hak asasi manusia mengutuk penggunaan penahanan dan hukuman ekstrayudisial oleh rezim tersebut.
precedential,The ruling carries significant precedential weight for future intellectual property disputes.,선례적인,그 판결은 미래의 지적 재산권 분쟁에 대해 상당한 선례적 가치를 지닌다.,先例的な,その判決は将来の知的財産紛争に対して重要な先例的意義を持つ。,具有判例意义的,该裁决对未来的知识产权争端具有重大判例意义。,precedencial,El fallo tiene un peso precedencial significativo para futuras disputas de propiedad intelectual.,có tính tiền lệ,Phán quyết mang tính tiền lệ quan trọng cho các tranh chấp sở hữu trí tuệ trong tương lai.,เป็นบรรทัดฐาน,คำตัดสินมีน้ำหนักเป็นบรรทัดฐานที่สำคัญสำหรับข้อพิพาทเรื่องทรัพย์สินทางปัญญาในอนาคต,presedensial,Putusan tersebut memiliki bobot presedensial yang signifikan untuk sengketa kekayaan intelektual di masa depan.
empiricism,British empiricism holds that all knowledge originates from sensory experience rather than innate ideas.,경험주의,영국 경험주의는 모든 지식이 선천적 관념이 아닌 감각적 경험에서 비롯된다고 주장한다.,経験主義,イギリス経験主義はすべての知識が生得的観念ではなく感覚的経験から生じると主張する。,经验主义,英国经验主义认为一切知识都源于感官经验而非先天观念。,empirismo,El empirismo británico sostiene que todo conocimiento se origina en la experiencia sensorial en lugar de ideas innatas.,chủ nghĩa kinh nghiệm,Chủ nghĩa kinh nghiệm Anh cho rằng mọi tri thức đều bắt nguồn từ kinh nghiệm giác quan chứ không phải ý tưởng bẩm sinh.,ประสบการณ์นิยม,ประสบการณ์นิยมของอังกฤษถือว่าความรู้ทั้งหมดมาจากประสบการณ์ทางประสาทสัมผัสมากกว่าความคิดที่มีมาแต่กำเนิด,empirisisme,"Empirisisme Inggris berpendapat bahwa semua pengetahuan berasal dari pengalaman indrawi, bukan ide bawaan."
jurisprudent,The jurisprudent scholar offered a nuanced analysis of the evolving doctrine of proportionality.,법학자,그 법학자는 비례성 원칙의 발전에 대한 미묘한 분석을 제공했다.,法学者,その法学者は比例性の原則の発展について微妙な分析を提供した。,法学家,该法学家对不断发展的比例性原则进行了细致入微的分析。,jurisconsulto,El jurisconsulto ofreció un análisis matizado de la doctrina evolutiva de la proporcionalidad.,nhà luật học,Nhà luật học đã đưa ra phân tích tinh tế về học thuyết tỷ lệ đang phát triển.,นักนิติศาสตร์,นักนิติศาสตร์เสนอการวิเคราะห์อย่างละเอียดอ่อนเกี่ยวกับหลักสัดส่วนที่พัฒนาขึ้น,ahli hukum,Ahli hukum tersebut menawarkan analisis bernuansa tentang doktrin proporsionalitas yang terus berkembang.
dialectic,Hegelian dialectic proposes that intellectual progress emerges through the synthesis of opposing ideas.,변증법,헤겔의 변증법은 지적 진보가 대립되는 아이디어의 종합을 통해 나타난다고 제안한다.,弁証法,ヘーゲルの弁証法は知的進歩が対立する考えの統合を通じて生まれると提唱する。,辩证法,黑格尔辩证法提出智识进步是通过对立思想的综合而产生的。,dialéctica,La dialéctica hegeliana propone que el progreso intelectual surge a través de la síntesis de ideas opuestas.,biện chứng,Biện chứng Hegel đề xuất rằng tiến bộ trí tuệ xuất hiện thông qua sự tổng hợp các ý tưởng đối lập.,วิภาษวิธี,วิภาษวิธีแบบเฮเกลเสนอว่าความก้าวหน้าทางปัญญาเกิดขึ้นจากการสังเคราะห์ความคิดที่ขัดแย้งกัน,dialektika,Dialektika Hegelian mengusulkan bahwa kemajuan intelektual muncul melalui sintesis ide-ide yang berlawanan.
litigious,The increasingly litigious corporate environment has dramatically escalated legal expenditure.,소송을 좋아하는,점점 더 소송을 좋아하는 기업 환경은 법적 지출을 급격히 증가시켰다.,訴訟好きの,ますます訴訟好きな企業環境が法的支出を劇的に増大させている。,好诉讼的,日益好诉讼的企业环境大幅增加了法律支出。,litigioso,El entorno corporativo cada vez más litigioso ha incrementado dramáticamente el gasto legal.,hay kiện tụng,Môi trường doanh nghiệp ngày càng hay kiện tụng đã làm tăng đáng kể chi phí pháp lý.,ชอบฟ้องร้อง,สภาพแวดล้อมขององค์กรที่ชอบฟ้องร้องมากขึ้นทำให้ค่าใช้จ่ายทางกฎหมายเพิ่มขึ้นอย่างมาก,suka berperkara,Lingkungan korporasi yang semakin suka berperkara telah meningkatkan pengeluaran hukum secara dramatis.
axiological,Axiological inquiry examines the nature and hierarchy of values within ethical frameworks.,가치론적인,가치론적 탐구는 윤리적 체계 내에서 가치의 본질과 위계를 검토한다.,価値論的な,価値論的探究は倫理的枠組み内における価値の本質と階層を検討する。,价值论的,价值论研究探讨伦理框架中价值的本质和层次。,axiológico,La investigación axiológica examina la naturaleza y jerarquía de los valores dentro de los marcos éticos.,giá trị luận,Nghiên cứu giá trị luận xem xét bản chất và thứ bậc của các giá trị trong khuôn khổ đạo đức.,คุณวิทยา,การสอบสวนทางคุณวิทยาตรวจสอบธรรมชาติและลำดับชั้นของคุณค่าภายในกรอบจริยธรรม,aksiologis,Penyelidikan aksiologis memeriksa sifat dan hierarki nilai dalam kerangka kerja etis.
nullify,The supreme court has the authority to nullify legislation deemed unconstitutional.,무효화하다,대법원은 위헌으로 판단된 법률을 무효화할 권한이 있다.,無効にする,最高裁判所は違憲と判断された法律を無効にする権限を持つ。,宣布无效,最高法院有权宣布被认为违宪的立法无效。,anular,La corte suprema tiene la autoridad para anular la legislación considerada inconstitucional.,vô hiệu hóa,Tòa án tối cao có thẩm quyền vô hiệu hóa luật bị coi là vi hiến.,เพิกถอน,ศาลฎีกามีอำนาจเพิกถอนกฎหมายที่ถือว่าขัดรัฐธรรมนูญ,membatalkan,Mahkamah agung memiliki wewenang untuk membatalkan undang-undang yang dianggap inkonstitusional.
stoicism,Stoicism teaches practitioners to distinguish between what they can and cannot control.,스토이시즘,스토이시즘은 수행자에게 통제할 수 있는 것과 없는 것을 구별하도록 가르친다.,ストア主義,ストア主義は実践者に自分が制御できることとできないことを区別するよう教える。,斯多葛主义,斯多葛主义教导修行者区分自己能控制和不能控制的事物。,estoicismo,El estoicismo enseña a los practicantes a distinguir entre lo que pueden y no pueden controlar.,chủ nghĩa khắc kỷ,Chủ nghĩa khắc kỷ dạy người thực hành phân biệt giữa những gì họ có thể và không thể kiểm soát.,ลัทธิสโตอิก,ลัทธิสโตอิกสอนผู้ปฏิบัติให้แยกแยะระหว่างสิ่งที่ควบคุมได้และควบคุมไม่ได้,stoikisme,Stoikisme mengajarkan para praktisinya untuk membedakan antara apa yang dapat dan tidak dapat mereka kendalikan.
proscribe,International law proscribes the use of chemical weapons under any circumstances.,금지하다,국제법은 어떠한 상황에서도 화학 무기의 사용을 금지한다.,禁止する,国際法はいかなる状況においても化学兵器の使用を禁止している。,禁止,国际法禁止在任何情况下使用化学武器。,proscribir,El derecho internacional proscribe el uso de armas químicas bajo cualquier circunstancia.,cấm,Luật quốc tế cấm sử dụng vũ khí hóa học trong bất kỳ hoàn cảnh nào.,สั่งห้าม,กฎหมายระหว่างประเทศสั่งห้ามการใช้อาวุธเคมีในทุกสถานการณ์,melarang,Hukum internasional melarang penggunaan senjata kimia dalam keadaan apa pun.
relativism,Cultural relativism argues that moral standards are shaped by and relative to specific cultural contexts.,상대주의,문화 상대주의는 도덕적 기준이 특정 문화적 맥락에 의해 형성되고 그에 상대적이라고 주장한다.,相対主義,文化相対主義は道徳的基準が特定の文化的文脈によって形作られそれに相対的であると主張する。,相对主义,文化相对主义认为道德标准是由特定文化背景塑造的，并与之相对。,relativismo,El relativismo cultural argumenta que los estándares morales están moldeados por y son relativos a contextos culturales específicos.,chủ nghĩa tương đối,Chủ nghĩa tương đối văn hóa cho rằng các tiêu chuẩn đạo đức được định hình bởi và tương đối với bối cảnh văn hóa cụ thể.,สัมพัทธนิยม,สัมพัทธนิยมทางวัฒนธรรมโต้แย้งว่ามาตรฐานทางศีลธรรมถูกหล่อหลอมโดยและสัมพันธ์กับบริบททางวัฒนธรรมที่เฉพาะเจาะจง,relativisme,Relativisme budaya berpendapat bahwa standar moral dibentuk oleh dan relatif terhadap konteks budaya tertentu.
plenipotentiary,The ambassador served as plenipotentiary representative with full authority to negotiate the accord.,전권대사,대사는 협정을 협상할 완전한 권한을 가진 전권대사로 활동했다.,全権の,大使は協定を交渉する完全な権限を持つ全権代表として務めた。,全权的,大使作为全权代表，拥有谈判协议的全部权力。,plenipotenciario,El embajador sirvió como representante plenipotenciario con plena autoridad para negociar el acuerdo.,toàn quyền,Đại sứ đã đóng vai trò đại diện toàn quyền với đầy đủ thẩm quyền để đàm phán hiệp định.,ผู้มีอำนาจเต็ม,เอกอัครราชทูตทำหน้าที่เป็นผู้แทนที่มีอำนาจเต็มในการเจรจาข้อตกลง,berkuasa penuh,Duta besar berfungsi sebagai perwakilan berkuasa penuh dengan otoritas penuh untuk menegosiasikan kesepakatan.
indemnify,The insurance policy indemnifies the policyholder against losses arising from professional negligence.,배상하다,그 보험 정책은 전문적 과실로 인한 손실에 대해 보험 계약자에게 배상한다.,補償する,その保険契約は専門的過失から生じる損失に対して保険契約者を補償する。,赔偿,该保险单赔偿投保人因专业疏忽而产生的损失。,indemnizar,La póliza de seguro indemniza al titular contra pérdidas derivadas de negligencia profesional.,bồi thường,Hợp đồng bảo hiểm bồi thường cho người được bảo hiểm đối với tổn thất phát sinh từ sơ suất nghề nghiệp.,ชดใช้ค่าเสียหาย,กรมธรรม์ประกันภัยชดใช้ค่าเสียหายแก่ผู้เอาประกันจากการสูญเสียที่เกิดจากความประมาทเลินเล่อทางวิชาชีพ,memberikan ganti rugi,Polis asuransi memberikan ganti rugi kepada pemegang polis terhadap kerugian yang timbul dari kelalaian profesional.
patrimony,The court ruled that the cultural patrimony belonged to the nation and could not be privately appropriated.,유산,법원은 문화적 유산이 국가에 속하며 사적으로 전용될 수 없다고 판결했다.,遺産,裁判所は文化遺産は国家に属し私的に流用できないと判決した。,遗产,法院裁定文化遗产属于国家，不得被私人侵占。,patrimonio,El tribunal dictaminó que el patrimonio cultural pertenecía a la nación y no podía ser apropiado privadamente.,di sản,Tòa án phán quyết rằng di sản văn hóa thuộc về quốc gia và không thể bị chiếm đoạt tư nhân.,มรดก,ศาลตัดสินว่ามรดกทางวัฒนธรรมเป็นของชาติและไม่สามารถถูกยึดครองเป็นของเอกชน,warisan,Pengadilan memutuskan bahwa warisan budaya milik negara dan tidak dapat dikuasai secara pribadi.
positivism,Legal positivism maintains that the validity of law depends on its sources rather than its moral content.,실증주의,법실증주의는 법의 타당성이 그 도덕적 내용이 아닌 원천에 달려 있다고 주장한다.,実証主義,法実証主義は法の妥当性がその道徳的内容ではなくその法源に依存すると主張する。,实证主义,法律实证主义认为法律的有效性取决于其来源而非道德内容。,positivismo,El positivismo jurídico sostiene que la validez de la ley depende de sus fuentes más que de su contenido moral.,chủ nghĩa thực chứng,Chủ nghĩa thực chứng pháp lý cho rằng tính hợp lệ của luật phụ thuộc vào nguồn gốc chứ không phải nội dung đạo đức.,ปฏิฐานนิยม,ปฏิฐานนิยมทางกฎหมายยืนยันว่าความถูกต้องของกฎหมายขึ้นอยู่กับแหล่งที่มามากกว่าเนื้อหาทางศีลธรรม,positivisme,"Positivisme hukum berpendapat bahwa validitas hukum bergantung pada sumbernya, bukan pada kandungan moralnya."
ratification,The treaty requires ratification by a two-thirds majority of the senate to become binding.,비준,조약이 구속력을 갖기 위해서는 상원의 3분의 2 다수에 의한 비준이 필요하다.,批准,条約が拘束力を持つためには上院の3分の2の多数による批准が必要である。,批准,该条约需要参议院三分之二多数批准才能生效。,ratificación,El tratado requiere la ratificación por una mayoría de dos tercios del senado para ser vinculante.,sự phê chuẩn,Hiệp ước cần sự phê chuẩn của hai phần ba đa số thượng viện để có hiệu lực ràng buộc.,การให้สัตยาบัน,สนธิสัญญาต้องการการให้สัตยาบันโดยเสียงข้างมากสองในสามของวุฒิสภาเพื่อมีผลผูกพัน,ratifikasi,Perjanjian tersebut memerlukan ratifikasi oleh dua pertiga mayoritas senat untuk menjadi mengikat.
pluralism,Democratic pluralism ensures that diverse political perspectives compete in the public sphere.,다원주의,민주적 다원주의는 다양한 정치적 관점이 공적 영역에서 경쟁하도록 보장한다.,多元主義,民主的多元主義は多様な政治的見解が公的領域で競合することを保証する。,多元主义,民主多元主义确保多样化的政治观点在公共领域竞争。,pluralismo,El pluralismo democrático asegura que diversas perspectivas políticas compitan en la esfera pública.,đa nguyên,Đa nguyên dân chủ đảm bảo rằng các quan điểm chính trị đa dạng cạnh tranh trong không gian công cộng.,พหุนิยม,พหุนิยมประชาธิปไตยรับรองว่ามุมมองทางการเมืองที่หลากหลายแข่งขันกันในพื้นที่สาธารณะ,pluralisme,Pluralisme demokratis memastikan bahwa beragam perspektif politik bersaing di ruang publik.
impeach,The legislature voted to impeach the president on charges of abuse of power and obstruction.,탄핵하다,입법부는 권력 남용과 방해 혐의로 대통령을 탄핵하기로 투표했다.,弾劾する,議会は権力の濫用と妨害の容疑で大統領を弾劾するために投票した。,弹劾,立法机构投票弹劾总统，指控其滥用权力和妨碍公务。,destituir,La legislatura votó para destituir al presidente por cargos de abuso de poder y obstrucción.,luận tội,Cơ quan lập pháp đã bỏ phiếu luận tội tổng thống về các cáo buộc lạm dụng quyền lực và cản trở.,ถอดถอน,สภานิติบัญญัติลงมติถอดถอนประธานาธิบดีในข้อหาใช้อำนาจโดยมิชอบและขัดขวาง,mendakwa,Badan legislatif memilih untuk mendakwa presiden atas tuduhan penyalahgunaan kekuasaan dan obstruksi.
phenomenology,Phenomenology seeks to describe the structures of experience as they present themselves to consciousness.,현상학,현상학은 경험의 구조가 의식에 스스로를 나타내는 대로 기술하고자 한다.,現象学,現象学は経験の構造が意識に現れるままに記述することを目指す。,现象学,现象学试图描述经验结构在呈现于意识中时的样子。,fenomenología,La fenomenología busca describir las estructuras de la experiencia tal como se presentan a la conciencia.,hiện tượng học,Hiện tượng học tìm cách mô tả các cấu trúc của trải nghiệm khi chúng hiện diện trước ý thức.,ปรากฏการณ์วิทยา,ปรากฏการณ์วิทยาพยายามอธิบายโครงสร้างของประสบการณ์ตามที่ปรากฏต่อจิตสำนึก,fenomenologi,Fenomenologi berupaya mendeskripsikan struktur pengalaman sebagaimana ia menampilkan dirinya kepada kesadaran.
habeas,The defense attorney filed a habeas corpus petition challenging the legality of the detention.,인신보호,변호인은 구금의 합법성에 이의를 제기하는 인신보호 청원을 제출했다.,人身保護,弁護人は拘禁の合法性に異議を唱える人身保護の請願を提出した。,人身保护,辩护律师提交了人身保护令申请，质疑拘留的合法性。,hábeas,El abogado defensor presentó una petición de hábeas corpus cuestionando la legalidad de la detención.,nhân thân bảo hộ,Luật sư bào chữa đã nộp đơn kiến nghị nhân thân bảo hộ thách thức tính hợp pháp của việc giam giữ.,ฮาบีอัส,ทนายฝ่ายจำเลยยื่นคำร้องฮาบีอัสคอร์ปัสเพื่อท้าทายความชอบด้วยกฎหมายของการคุมขัง,habeas,Pengacara pembela mengajukan petisi habeas corpus yang mempertanyakan legalitas penahanan.
technocracy,Critics argue that technocracy sacrifices democratic participation for the sake of efficient governance.,기술관료제,비평가들은 기술관료제가 효율적인 통치를 위해 민주적 참여를 희생시킨다고 주장한다.,テクノクラシー,批評家たちはテクノクラシーが効率的な統治のために民主的参加を犠牲にすると主張する。,技术官僚制,批评者认为技术官僚制为了高效治理而牺牲了民主参与。,tecnocracia,Los críticos argumentan que la tecnocracia sacrifica la participación democrática en aras de la gobernanza eficiente.,chế độ kỹ trị,Các nhà phê bình cho rằng chế độ kỹ trị hy sinh sự tham gia dân chủ để đổi lấy quản trị hiệu quả.,ระบบเทคโนแครต,นักวิจารณ์โต้แย้งว่าระบบเทคโนแครตเสียสละการมีส่วนร่วมทางประชาธิปไตยเพื่อการปกครองที่มีประสิทธิภาพ,teknokrasi,Para kritikus berpendapat bahwa teknokrasi mengorbankan partisipasi demokratis demi efisiensi pemerintahan.
precept,The ethical precept of doing no harm serves as a cornerstone of medical professional conduct.,교훈,해를 끼치지 않는다는 윤리적 교훈은 의료 전문가 행동의 초석이 된다.,教訓,害を為さないという倫理的教訓は医療専門家の行動の礎石となっている。,准则,不伤害的伦理准则是医疗职业行为的基石。,precepto,El precepto ético de no causar daño sirve como piedra angular de la conducta profesional médica.,giới luật,Giới luật đạo đức không gây hại là nền tảng của hành vi nghề nghiệp y tế.,หลักคำสอน,หลักคำสอนทางจริยธรรมเรื่องการไม่ทำร้ายเป็นรากฐานของจรรยาบรรณวิชาชีพทางการแพทย์,ajaran,Ajaran etis untuk tidak merugikan berfungsi sebagai landasan perilaku profesional medis.
despotic,The regime's despotic methods of governance provoked international condemnation and economic sanctions.,폭군적인,정권의 폭군적 통치 방식은 국제적 비난과 경제 제재를 유발했다.,専制的な,その政権の専制的な統治方法は国際的な非難と経済制裁を引き起こした。,暴虐的,该政权的暴虐统治方式引发了国际谴责和经济制裁。,despótico,Los métodos despóticos de gobierno del régimen provocaron la condena internacional y sanciones económicas.,bạo ngược,Các phương pháp cai trị bạo ngược của chế độ đã kích động sự lên án quốc tế và trừng phạt kinh tế.,ทรราช,วิธีการปกครองแบบทรราชของระบอบกระตุ้นให้เกิดการประณามระหว่างประเทศและการคว่ำบาตรทางเศรษฐกิจ,despotis,Metode pemerintahan yang despotis dari rezim tersebut memicu kecaman internasional dan sanksi ekonomi.
pragmatism,Political pragmatism demands flexibility and a willingness to compromise on ideological positions.,실용주의,정치적 실용주의는 유연성과 이념적 입장에서의 타협 의지를 요구한다.,プラグマティズム,政治的プラグマティズムは柔軟性とイデオロギー的立場での妥協する意志を要求する。,实用主义,政治实用主义要求灵活性和在意识形态立场上妥协的意愿。,pragmatismo,El pragmatismo político exige flexibilidad y disposición para comprometerse en posiciones ideológicas.,chủ nghĩa thực dụng,Chủ nghĩa thực dụng chính trị đòi hỏi sự linh hoạt và sẵn sàng thỏa hiệp về lập trường ý thức hệ.,ปฏิบัตินิยม,ปฏิบัตินิยมทางการเมืองต้องการความยืดหยุ่นและความเต็มใจที่จะประนีประนอมในจุดยืนทางอุดมการณ์,pragmatisme,Pragmatisme politik menuntut fleksibilitas dan kesediaan untuk berkompromi dalam posisi ideologis.
exegesis,The professor conducted a thorough exegesis of the foundational constitutional texts.,주석,교수는 기초적인 헌법 문헌에 대한 철저한 주석을 수행했다.,釈義,教授は基礎的な憲法テキストの徹底的な釈義を行った。,诠释,教授对基础宪法文本进行了全面的诠释。,exégesis,El profesor realizó una exégesis exhaustiva de los textos constitucionales fundamentales.,chú giải,Giáo sư đã tiến hành chú giải toàn diện các văn bản hiến pháp nền tảng.,การตีความ,ศาสตราจารย์ดำเนินการตีความอย่างละเอียดของตำราร่างรัฐธรรมนูญพื้นฐาน,eksegesis,Profesor tersebut melakukan eksegesis menyeluruh terhadap teks konstitusional dasar.
duplicity,The ambassador's duplicity in the negotiations undermined trust between the two delegations.,이중성,협상에서 대사의 이중성은 두 대표단 간의 신뢰를 훼손했다.,二面性,交渉における大使の二面性は二つの代表団間の信頼を損なった。,欺骗,大使在谈判中的欺骗行为破坏了两个代表团之间的信任。,duplicidad,La duplicidad del embajador en las negociaciones socavó la confianza entre las dos delegaciones.,sự lừa dối,Sự lừa dối của đại sứ trong các cuộc đàm phán đã làm suy giảm niềm tin giữa hai phái đoàn.,การหลอกลวง,ความหลอกลวงของเอกอัครราชทูตในการเจรจาบ่อนทำลายความไว้วางใจระหว่างคณะผู้แทนทั้งสอง,kebohongan,Kebohongan duta besar dalam negosiasi merusak kepercayaan antara kedua delegasi.
distributive,Rawlsian distributive justice argues that social goods should benefit the least advantaged members.,분배적인,롤스의 분배적 정의는 사회적 재화가 가장 불리한 구성원에게 이익이 되어야 한다고 주장한다.,分配的な,ロールズの分配的正義は社会的財が最も恵まれない成員に利益をもたらすべきだと主張する。,分配的,罗尔斯的分配正义认为社会财富应该使处境最不利的成员受益。,distributivo,La justicia distributiva rawlsiana argumenta que los bienes sociales deben beneficiar a los miembros menos favorecidos.,phân phối,Công lý phân phối theo Rawls cho rằng hàng hóa xã hội nên mang lại lợi ích cho các thành viên kém lợi thế nhất.,การกระจาย,ความยุติธรรมในการกระจายแบบรอลส์โต้แย้งว่าสินค้าสังคมควรเป็นประโยชน์ต่อสมาชิกที่ด้อยโอกาสที่สุด,distributif,Keadilan distributif Rawlsian berpendapat bahwa barang sosial harus menguntungkan anggota yang paling tidak beruntung.
censorship,The expansion of digital censorship raises urgent questions about online freedom of expression.,검열,디지털 검열의 확대는 온라인 표현의 자유에 대한 시급한 질문을 제기한다.,検閲,デジタル検閲の拡大はオンラインの表現の自由について緊急の問題を提起している。,审查制度,数字审查的扩展引发了关于网络言论自由的紧迫问题。,censura,La expansión de la censura digital plantea preguntas urgentes sobre la libertad de expresión en línea.,kiểm duyệt,Sự mở rộng của kiểm duyệt kỹ thuật số đặt ra những câu hỏi cấp bách về tự do ngôn luận trực tuyến.,การเซ็นเซอร์,การขยายตัวของการเซ็นเซอร์ดิจิทัลตั้งคำถามเร่งด่วนเกี่ยวกับเสรีภาพในการแสดงออกออนไลน์,sensor,Perluasan sensor digital menimbulkan pertanyaan mendesak tentang kebebasan berekspresi daring.
nativism,The resurgence of political nativism has influenced immigration policy debates across several democracies.,자국민 우선주의,정치적 자국민 우선주의의 부활은 여러 민주주의 국가에서 이민 정책 토론에 영향을 미쳤다.,排外主義,政治的排外主義の復活はいくつかの民主主義国で移民政策の議論に影響を与えた。,本土主义,政治本土主义的复兴影响了多个民主国家的移民政策辩论。,nativismo,El resurgimiento del nativismo político ha influido en los debates sobre política migratoria en varias democracias.,chủ nghĩa bản địa,Sự hồi sinh của chủ nghĩa bản địa chính trị đã ảnh hưởng đến các cuộc tranh luận chính sách nhập cư ở nhiều nền dân chủ.,ลัทธิชาตินิยมพื้นเมือง,การฟื้นตัวของลัทธิชาตินิยมพื้นเมืองทางการเมืองมีอิทธิพลต่อการอภิปรายนโยบายการย้ายถิ่นฐานในหลายประเทศประชาธิปไตย,nativisme,Kebangkitan nativisme politik telah memengaruhi debat kebijakan imigrasi di beberapa negara demokrasi.
jurisprudentially,The decision must be evaluated jurisprudentially to understand its broader implications for statutory interpretation.,법리적으로,그 결정은 법률 해석에 대한 광범위한 함의를 이해하기 위해 법리적으로 평가되어야 한다.,法学的に,その決定は法律解釈に対するより広い含意を理解するために法学的に評価されなければならない。,从法理学角度,该决定必须从法理学角度进行评估，以理解其对法律解释的更广泛影响。,jurisprudencialmente,La decisión debe evaluarse jurisprudencialmente para comprender sus implicaciones más amplias para la interpretación estatutaria.,về mặt pháp lý,Quyết định phải được đánh giá về mặt pháp lý để hiểu ý nghĩa rộng hơn đối với việc giải thích luật.,ทางนิติศาสตร์,การตัดสินนี้ต้องได้รับการประเมินทางนิติศาสตร์เพื่อทำความเข้าใจผลกระทบที่กว้างขึ้นต่อการตีความกฎหมาย,secara yurisprudensi,Keputusan tersebut harus dievaluasi secara yurisprudensi untuk memahami implikasinya yang lebih luas bagi interpretasi undang-undang.
federalism,Federalism distributes governmental authority between central and regional levels of administration.,연방주의,연방주의는 정부 권한을 중앙과 지방 수준의 행정 사이에 분배한다.,連邦主義,連邦主義は政府の権限を中央と地方の行政レベルの間で分配する。,联邦制,联邦制在中央和地方行政层级之间分配政府权力。,federalismo,El federalismo distribuye la autoridad gubernamental entre los niveles central y regional de administración.,liên bang,Chủ nghĩa liên bang phân phối quyền lực chính phủ giữa cấp trung ương và cấp vùng.,สหพันธรัฐนิยม,สหพันธรัฐนิยมกระจายอำนาจของรัฐบาลระหว่างระดับการบริหารส่วนกลางและส่วนภูมิภาค,federalisme,Federalisme mendistribusikan otoritas pemerintahan antara tingkat administrasi pusat dan daerah.
conscionable,The tribunal sought to determine whether the contract terms were conscionable and fair to both parties.,양심에 어긋나지 않는,재판부는 계약 조건이 양측 모두에게 양심에 어긋나지 않고 공정한지 판단하고자 했다.,良心的な,裁判所は契約条件が両当事者にとって良心的で公正であるかどうかを判断しようとした。,合理的,法庭试图确定合同条款对双方是否合理和公平。,razonable,El tribunal buscó determinar si los términos del contrato eran razonables y justos para ambas partes.,hợp lý,Tòa án tìm cách xác định liệu các điều khoản hợp đồng có hợp lý và công bằng cho cả hai bên không.,ตามหลักมโนธรรม,ศาลพยายามพิจารณาว่าเงื่อนไขสัญญาเป็นไปตามหลักมโนธรรมและเป็นธรรมต่อทั้งสองฝ่ายหรือไม่,wajar,Pengadilan berupaya menentukan apakah syarat kontrak wajar dan adil bagi kedua belah pháp.
populism,The surge of populism has challenged established political parties and traditional policy frameworks.,포퓰리즘,포퓰리즘의 급증은 기존 정당과 전통적 정책 체계에 도전해 왔다.,ポピュリズム,ポピュリズムの台頭は既存の政党と伝統的な政策枠組みに挑戦している。,民粹主义,民粹主义的兴起对现有政党和传统政策框架构成了挑战。,populismo,El auge del populismo ha desafiado a los partidos políticos establecidos y los marcos de políticas tradicionales.,chủ nghĩa dân túy,Sự trỗi dậy của chủ nghĩa dân túy đã thách thức các đảng chính trị hiện hành và khuôn khổ chính sách truyền thống.,ประชานิยม,การเพิ่มขึ้นของประชานิยมท้าทายพรรคการเมืองที่จัดตั้งแล้วและกรอบนโยบายแบบดั้งเดิม,populisme,Lonjakan populisme telah menantang partai politik yang mapan dan kerangka kebijakan tradisional.
adjudicator,An independent adjudicator was appointed to resolve the employment discrimination complaint.,판정자,고용 차별 불만을 해결하기 위해 독립적인 판정자가 임명되었다.,裁定者,雇用差別の苦情を解決するために独立した裁定者が任命された。,裁决者,一名独立裁决者被任命来解决就业歧视投诉。,adjudicador,Se nombró un adjudicador independiente para resolver la queja de discriminación laboral.,người phân xử,Một người phân xử độc lập được chỉ định để giải quyết khiếu nại phân biệt đối xử trong việc làm.,ผู้ตัดสิน,ผู้ตัดสินอิสระได้รับการแต่งตั้งเพื่อแก้ไขข้อร้องเรียนเรื่องการเลือกปฏิบัติในการจ้างงาน,ajudikator,Seorang ajudikator independen ditunjuk untuk menyelesaikan keluhan diskriminasi ketenagakerjaan.
hermeneutics,Legal hermeneutics provides a framework for interpreting ambiguous statutory provisions.,해석학,법률 해석학은 모호한 법률 조항을 해석하기 위한 체계를 제공한다.,解釈学,法解釈学は曖昧な法律条項を解釈するための枠組みを提供する。,解释学,法律解释学为解释模糊的法律条款提供了框架。,hermenéutica,La hermenéutica jurídica proporciona un marco para interpretar disposiciones estatutarias ambiguas.,thông diễn học,Thông diễn học pháp lý cung cấp khuôn khổ để giải thích các điều khoản luật mơ hồ.,อรรถศาสตร์,อรรถศาสตร์ทางกฎหมายให้กรอบสำหรับการตีความบทบัญญัติของกฎหมายที่คลุมเครือ,hermeneutika,Hermeneutika hukum menyediakan kerangka kerja untuk menafsirkan ketentuan undang-undang yang ambigu.
inquisitorial,The inquisitorial legal system grants judges an active role in investigating facts and questioning witnesses.,심문주의의,심문주의 법률 체계는 판사에게 사실 조사와 증인 심문에서 적극적인 역할을 부여한다.,糾問主義の,糾問主義の法制度は裁判官に事実調査と証人尋問において積極的な役割を与える。,纠问式的,纠问式法律制度赋予法官在调查事实和询问证人方面的积极作用。,inquisitorial,El sistema legal inquisitorial otorga a los jueces un papel activo en la investigación de hechos e interrogación de testigos.,thẩm vấn,Hệ thống pháp luật thẩm vấn trao cho thẩm phán vai trò chủ động trong việc điều tra sự thật và thẩm vấn nhân chứng.,ระบบไต่สวน,ระบบกฎหมายแบบไต่สวนให้ผู้พิพากษามีบทบาทเชิงรุกในการสืบสวนข้อเท็จจริงและซักถามพยาน,inkuisitorial,Sistem hukum inkuisitorial memberikan hakim peran aktif dalam menyelidiki fakta dan mempertanyakan saksi.
normative,Normative ethics seeks to establish standards by which human conduct can be judged right or wrong.,규범적인,규범 윤리학은 인간의 행동을 옳고 그름으로 판단할 수 있는 기준을 확립하고자 한다.,規範的な,規範倫理学は人間の行為を正しいか間違っているかと判断できる基準を確立しようとする。,规范性的,规范伦理学试图建立评判人类行为对错的标准。,normativo,La ética normativa busca establecer estándares por los cuales la conducta humana pueda juzgarse como correcta o incorrecta.,quy phạm,Đạo đức quy phạm tìm cách thiết lập các tiêu chuẩn để đánh giá hành vi con người là đúng hay sai.,เชิงบรรทัดฐาน,จริยศาสตร์เชิงบรรทัดฐานพยายามกำหนดมาตรฐานที่สามารถตัดสินพฤติกรรมของมนุษย์ว่าถูกหรือผิด,normatif,Etika normatif berupaya menetapkan standar yang dapat digunakan untuk menilai perilaku manusia sebagai benar atau salah.
autocracy,The transition from autocracy to democratic governance proved arduous and fraught with setbacks.,독재정치,독재정치에서 민주적 통치로의 전환은 힘들고 좌절로 가득 찬 것으로 드러났다.,独裁政治,独裁政治から民主的統治への移行は困難で挫折に満ちたものとなった。,独裁政治,从独裁政治向民主治理的过渡被证明是艰难的，充满了挫折。,autocracia,La transición de la autocracia a la gobernanza democrática resultó ardua y plagada de contratiempos.,chế độ chuyên quyền,Sự chuyển đổi từ chế độ chuyên quyền sang quản trị dân chủ tỏ ra gian nan và đầy rẫy trở ngại.,ระบอบเผด็จการ,การเปลี่ยนผ่านจากระบอบเผด็จการสู่การปกครองแบบประชาธิปไตยพิสูจน์แล้วว่ายากลำบากและเต็มไปด้วยอุปสรรค,otokrasi,Transisi dari otokrasi ke pemerintahan demokratis terbukti sulit dan penuh kemunduran.
praxis,The conference explored the gap between political theory and praxis in addressing climate change.,실천,학회는 기후 변화 대응에서 정치 이론과 실천 사이의 간극을 탐구했다.,実践,その会議は気候変動への対処における政治理論と実践の間のギャップを探究した。,实践,会议探讨了在应对气候变化方面政治理论与实践之间的差距。,praxis,La conferencia exploró la brecha entre la teoría política y la praxis al abordar el cambio climático.,thực hành,Hội nghị khám phá khoảng cách giữa lý thuyết chính trị và thực hành trong việc giải quyết biến đổi khí hậu.,การปฏิบัติ,การประชุมสำรวจช่องว่างระหว่างทฤษฎีทางการเมืองและการปฏิบัติในการแก้ไขปัญหาการเปลี่ยนแปลงสภาพภูมิอากาศ,praksis,Konferensi tersebut mengeksplorasi kesenjangan antara teori politik dan praksis dalam menangani perubahan iklim.
reprobate,The editorial described the politician's conduct as that of a moral reprobate unfit for office.,타락한 사람,사설은 그 정치인의 행동을 공직에 부적합한 도덕적 타락한 사람의 것이라고 묘사했다.,堕落した人,社説はその政治家の行為を公職に不適格な道徳的堕落者のものとして描写した。,堕落的人,社论将这位政客的行为描述为一个不适合任职的道德堕落者。,réprobo,El editorial describió la conducta del político como la de un réprobo moral no apto para el cargo.,kẻ đồi bại,Bài xã luận mô tả hành vi của chính trị gia đó như của một kẻ đồi bại về mặt đạo đức không đủ tư cách giữ chức vụ.,คนเลวทราม,บทบรรณาธิการอธิบายพฤติกรรมของนักการเมืองว่าเป็นคนเลวทรามที่ไม่เหมาะสมกับตำแหน่ง,orang tercela,Editorial tersebut menggambarkan perilaku politisi itu sebagai orang tercela secara moral yang tidak layak menjabat.
constitutionalism,Modern constitutionalism enshrines the principle that governmental power must be limited by law.,입헌주의,현대 입헌주의는 정부 권력이 법에 의해 제한되어야 한다는 원칙을 보장한다.,立憲主義,現代の立憲主義は政府の権力が法によって制限されなければならないという原則を保障している。,宪政主义,现代宪政主义确立了政府权力必须受法律限制的原则。,constitucionalismo,El constitucionalismo moderno consagra el principio de que el poder gubernamental debe estar limitado por la ley.,chủ nghĩa lập hiến,Chủ nghĩa lập hiến hiện đại ghi nhận nguyên tắc rằng quyền lực chính phủ phải được giới hạn bởi pháp luật.,หลักรัฐธรรมนูญนิยม,หลักรัฐธรรมนูญนิยมสมัยใหม่รับรองหลักการที่ว่าอำนาจรัฐบาลต้องถูกจำกัดโดยกฎหมาย,konstitusionalisme,Konstitusionalisme modern mengukuhkan prinsip bahwa kekuasaan pemerintah harus dibatasi oleh hukum.
ethos,The university's academic ethos emphasizes intellectual honesty and rigorous scholarly inquiry.,정신,그 대학의 학문적 정신은 지적 정직성과 엄격한 학술적 탐구를 강조한다.,エートス,その大学の学術的エートスは知的誠実さと厳格な学術的探究を強調している。,精神气质,该大学的学术精神气质强调知识诚信和严谨的学术探究。,ethos,El ethos académico de la universidad enfatiza la honestidad intelectual y la investigación académica rigurosa.,tinh thần,Tinh thần học thuật của trường đại học nhấn mạnh sự trung thực trí tuệ và nghiên cứu học thuật nghiêm ngặt.,จริยธรรมองค์กร,จริยธรรมทางวิชาการของมหาวิทยาลัยเน้นความซื่อสัตย์ทางปัญญาและการค้นคว้าทางวิชาการอย่างเข้มงวด,etos,Etos akademis universitas menekankan kejujuran intelektual dan penyelidikan ilmiah yang ketat.
pedagogue,The renowned pedagogue developed an innovative curriculum that transformed early childhood education.,교육자,그 저명한 교육자는 유아 교육을 변혁시킨 혁신적 교육과정을 개발했다.,教育者,その著名な教育者は幼児教育を変革する革新的なカリキュラムを開発した。,教育家,这位著名的教育家开发了一套创新课程，改变了幼儿教育。,pedagogo,El renombrado pedagogo desarrolló un currículo innovador que transformó la educación infantil.,nhà giáo dục,Nhà giáo dục nổi tiếng đã phát triển chương trình giảng dạy sáng tạo biến đổi giáo dục mầm non.,นักการศึกษา,นักการศึกษาที่มีชื่อเสียงพัฒนาหลักสูตรนวัตกรรมที่เปลี่ยนแปลงการศึกษาปฐมวัย,pedagog,Pedagog terkenal tersebut mengembangkan kurikulum inovatif yang mengubah pendidikan anak usia dini.
maladministration,The ombudsman's report documented extensive maladministration in the allocation of public housing.,행정 부실,옴부즈만의 보고서는 공공 주택 배분에서의 광범위한 행정 부실을 기록했다.,行政の不備,オンブズマンの報告書は公営住宅の割り当てにおける広範な行政の不備を記録した。,行政失当,监察员的报告记录了公共住房分配中的广泛行政失当。,mala administración,El informe del defensor del pueblo documentó una mala administración extensiva en la asignación de vivienda pública.,quản lý yếu kém,Báo cáo của thanh tra viên ghi nhận tình trạng quản lý yếu kém nghiêm trọng trong việc phân bổ nhà ở công cộng.,การบริหารจัดการที่ผิดพลาด,รายงานของผู้ตรวจการแผ่นดินบันทึกการบริหารจัดการที่ผิดพลาดอย่างกว้างขวางในการจัดสรรที่อยู่อาศัยสาธารณะ,maladministrasi,Laporan ombudsman mendokumentasikan maladministrasi yang luas dalam alokasi perumahan publik.
servitude,The constitution explicitly prohibits all forms of involuntary servitude and forced labor.,예속,헌법은 모든 형태의 비자발적 예속과 강제 노동을 명시적으로 금지한다.,隷属,憲法はすべての形態の非自発的隷属と強制労働を明確に禁止している。,奴役,宪法明确禁止一切形式的非自愿奴役和强制劳动。,servidumbre,La constitución prohíbe explícitamente todas las formas de servidumbre involuntaria y trabajo forzado.,nô dịch,Hiến pháp cấm rõ ràng mọi hình thức nô dịch bất tự nguyện và lao động cưỡng bức.,การเป็นทาส,รัฐธรรมนูญห้ามทุกรูปแบบของการเป็นทาสโดยไม่สมัครใจและการบังคับใช้แรงงานอย่างชัดเจน,perbudakan,Konstitusi secara eksplisit melarang segala bentuk perbudakan paksa dan kerja paksa.
edict,The royal edict mandating religious tolerance marked a pivotal moment in the nation's history.,칙령,종교적 관용을 명령한 왕의 칙령은 국가 역사에서 중요한 순간을 기록했다.,勅令,宗教的寛容を命じた王の勅令はその国の歴史における画期的な瞬間となった。,敕令,命令宗教宽容的王室敕令标志着该国历史上的一个关键时刻。,edicto,El edicto real que ordenaba la tolerancia religiosa marcó un momento crucial en la historia de la nación.,sắc lệnh,Sắc lệnh hoàng gia bắt buộc khoan dung tôn giáo đánh dấu thời điểm quan trọng trong lịch sử đất nước.,พระราชกฤษฎีกา,พระราชกฤษฎีกาให้ความอดทนทางศาสนาเป็นจุดเปลี่ยนสำคัญในประวัติศาสตร์ของชาติ,dekrit,Dekrit kerajaan yang mewajibkan toleransi beragama menandai momen penting dalam sejarah bangsa.
sophistry,The lawyer's argument was dismissed as mere sophistry designed to obscure the facts.,궤변,그 변호사의 주장은 사실을 흐리기 위해 고안된 단순한 궤변으로 일축되었다.,詭弁,その弁護士の議論は事実を曖昧にするために作られた単なる詭弁として退けられた。,诡辩,律师的论点被斥为旨在模糊事实的诡辩。,sofistería,El argumento del abogado fue descartado como mera sofistería diseñada para oscurecer los hechos.,ngụy biện,Lập luận của luật sư bị bác bỏ như chỉ là ngụy biện nhằm che giấu sự thật.,การเล่นสำนวน,ข้อโต้แย้งของทนายถูกปัดตกว่าเป็นเพียงการเล่นสำนวนที่ออกแบบมาเพื่อบดบังข้อเท็จจริง,sofistri,Argumen pengacara tersebut ditolak sebagai sekadar sofistri yang dirancang untuk mengaburkan fakta.
polity,The emergence of democratic polity in ancient Athens fundamentally influenced Western political thought.,정치체제,고대 아테네의 민주적 정치체제의 출현은 서양 정치 사상에 근본적인 영향을 미쳤다.,政治体制,古代アテネにおける民主的政治体制の出現は西洋政治思想に根本的な影響を与えた。,政体,古雅典民主政体的出现从根本上影响了西方政治思想。,sistema político,La aparición del sistema político democrático en la antigua Atenas influyó fundamentalmente en el pensamiento político occidental.,thể chế chính trị,Sự xuất hiện của thể chế chính trị dân chủ ở Athens cổ đại đã ảnh hưởng cơ bản đến tư tưởng chính trị phương Tây.,ระบบการเมือง,การเกิดขึ้นของระบบการเมืองแบบประชาธิปไตยในเอเธนส์โบราณมีอิทธิพลพื้นฐานต่อความคิดทางการเมืองตะวันตก,sistem politik,Kemunculan sistem politik demokratis di Athena kuno secara fundamental memengaruhi pemikiran politik Barat.
rectitude,The judge was renowned for her moral rectitude and unwavering commitment to impartial justice.,도덕적 올바름,그 판사는 도덕적 올바름과 공정한 정의에 대한 흔들리지 않는 헌신으로 유명했다.,正直さ,その裁判官は道徳的正直さと公平な正義への揺るぎないへの献身で知られていた。,正直,该法官以其道德正直和对公正司法的坚定承诺而闻名。,rectitud,La jueza era reconocida por su rectitud moral y compromiso inquebrantable con la justicia imparcial.,chính trực,Thẩm phán nổi tiếng vì sự chính trực đạo đức và cam kết kiên định với công lý vô tư.,ความเที่ยงธรรม,ผู้พิพากษาเป็นที่รู้จักในเรื่องความเที่ยงธรรมทางศีลธรรมและความมุ่งมั่นอย่างไม่สั่นคลอนต่อความยุติธรรมที่เป็นกลาง,kejujuran,Hakim tersebut terkenal karena kejujuran moralnya dan komitmen teguh terhadap keadilan yang tidak memihak.
antinomy,Kant identified an antinomy between the concept of free will and the principle of causal determinism.,이율배반,칸트는 자유의지의 개념과 인과적 결정론의 원칙 사이의 이율배반을 확인했다.,二律背反,カントは自由意志の概念と因果的決定論の原則の間の二律背反を指摘した。,二律背反,康德发现了自由意志概念与因果决定论原则之间的二律背反。,antinomia,Kant identificó una antinomia entre el concepto de libre albedrío y el principio de determinismo causal.,nghịch lý,Kant đã xác định một nghịch lý giữa khái niệm tự do ý chí và nguyên tắc quyết định luận nhân quả.,ปฏิทรรศน์,คานท์ระบุปฏิทรรศน์ระหว่างแนวคิดเจตจำนงเสรีกับหลักการของนิยัตินิยมเชิงสาเหตุ,antinomi,Kant mengidentifikasi antinomi antara konsep kehendak bebas dan prinsip determinisme kausal.
indemnity,The settlement included a substantial indemnity payment to compensate the affected communities.,배상금,합의에는 영향을 받은 지역사회를 보상하기 위한 상당한 배상금 지급이 포함되었다.,賠償金,和解には影響を受けたコミュニティを補償するための多額の賠償金の支払いが含まれていた。,赔偿金,和解协议包括向受影响社区支付大量赔偿金。,indemnización,El acuerdo incluyó un pago de indemnización sustancial para compensar a las comunidades afectadas.,khoản bồi thường,Thỏa thuận bao gồm khoản bồi thường đáng kể để đền bù cho các cộng đồng bị ảnh hưởng.,ค่าชดเชย,ข้อตกลงรวมถึงการจ่ายค่าชดเชยจำนวนมากเพื่อชดเชยให้แก่ชุมชนที่ได้รับผลกระทบ,ganti rugi,Penyelesaian tersebut mencakup pembayaran ganti rugi yang substansial untuk mengkompensasi komunitas yang terdampak.
enact,Parliament voted overwhelmingly to enact comprehensive healthcare reform legislation.,제정하다,의회는 포괄적인 의료 개혁 법안을 제정하기 위해 압도적으로 투표했다.,制定する,議会は包括的な医療改革法案を制定するために圧倒的多数で投票した。,颁布,议会以压倒性多数投票通过了综合医疗改革立法。,promulgar,El parlamento votó abrumadoramente para promulgar una legislación integral de reforma sanitaria.,ban hành,Quốc hội đã bỏ phiếu áp đảo để ban hành luật cải cách y tế toàn diện.,ตราเป็นกฎหมาย,รัฐสภาลงมติอย่างท่วมท้นเพื่อตราพระราชบัญญัติปฏิรูปการดูแลสุขภาพอย่างครอบคลุม,mengesahkan,Parlemen memberikan suara secara meyakinkan untuk mengesahkan undang-undang reformasi kesehatan yang komprehensif.
apostasy,In several jurisdictions historical laws against apostasy have been repealed in favor of religious freedom.,배교,여러 관할권에서 배교에 대한 역사적 법률이 종교의 자유를 위해 폐지되었다.,背教,いくつかの法域では背教に対する歴史的な法律が宗教の自由のために廃止された。,叛教,在多个司法管辖区，历史上的反叛教法律已被废除，以支持宗教自由。,apostasía,En varias jurisdicciones las leyes históricas contra la apostasía han sido derogadas en favor de la libertad religiosa.,bội giáo,"Ở nhiều khu vực tài phán, các luật lịch sử chống bội giáo đã được bãi bỏ để ủng hộ tự do tôn giáo.",การละทิ้งศาสนา,ในหลายเขตอำนาจศาล กฎหมายเก่าเกี่ยวกับการละทิ้งศาสนาถูกยกเลิกเพื่อสนับสนุนเสรีภาพทางศาสนา,murtad,"Di beberapa yurisdiksi, undang-undang historis tentang murtad telah dicabut demi kebebasan beragama."
dereliction,The officer faced charges of dereliction of duty for failing to respond to the emergency.,직무유기,그 공무원은 비상사태에 대응하지 못한 직무유기 혐의에 직면했다.,職務怠慢,その職員は緊急事態への対応を怠ったとして職務怠慢の罪に問われた。,玩忽职守,该官员因未能应对紧急情况而面临玩忽职守的指控。,abandono del deber,El oficial enfrentó cargos de abandono del deber por no responder a la emergencia.,bỏ bê nhiệm vụ,Viên chức đối mặt với cáo buộc bỏ bê nhiệm vụ vì không ứng phó với tình huống khẩn cấp.,การละเลยหน้าที่,เจ้าหน้าที่ถูกตั้งข้อหาละเลยหน้าที่เนื่องจากไม่ตอบสนองต่อเหตุฉุกเฉิน,kelalaian tugas,Petugas tersebut menghadapi tuduhan kelalaian tugas karena gagal merespons keadaan darurat.
tribunal,The international tribunal was established to prosecute war crimes committed during the conflict.,재판소,국제 재판소는 분쟁 중에 저질러진 전쟁 범죄를 기소하기 위해 설립되었다.,法廷,国際法廷は紛争中に犯された戦争犯罪を訴追するために設立された。,法庭,国际法庭的设立是为了起诉冲突期间犯下的战争罪行。,tribunal,El tribunal internacional fue establecido para enjuiciar los crímenes de guerra cometidos durante el conflicto.,tòa án,Tòa án quốc tế được thành lập để truy tố tội phạm chiến tranh trong cuộc xung đột.,ศาล,ศาลอาญาระหว่างประเทศถูกจัดตั้งขึ้นเพื่อดำเนินคดีอาชญากรรมสงครามที่เกิดขึ้นระหว่างความขัดแย้ง,tribunal,Tribunal internasional didirikan untuk mengadili kejahatan perang yang dilakukan selama konflik.
efficacious,Scholars debated whether international sanctions were truly efficacious in altering state behavior.,효과적인,학자들은 국제 제재가 국가 행동을 변화시키는 데 진정으로 효과적인지 토론했다.,効果的な,学者たちは国際制裁が国家の行動を変えるのに真に効果的であるかどうかを議論した。,有效的,学者们辩论国际制裁是否真正有效地改变了国家行为。,eficaz,Los académicos debatieron si las sanciones internacionales eran verdaderamente eficaces para alterar el comportamiento estatal.,hữu hiệu,Các học giả tranh luận liệu các biện pháp trừng phạt quốc tế có thực sự hữu hiệu trong việc thay đổi hành vi quốc gia.,มีประสิทธิผล,นักวิชาการถกเถียงกันว่าการคว่ำบาตรระหว่างประเทศมีประสิทธิผลอย่างแท้จริงในการเปลี่ยนแปลงพฤติกรรมของรัฐหรือไม่,manjur,Para ilmuwan memperdebatkan apakah sanksi internasional benar-benar manjur dalam mengubah perilaku negara.
casuistry,The ethicist employed casuistry to analyze the moral complexities of specific medical dilemmas.,결의론,윤리학자는 특정 의료 딜레마의 도덕적 복잡성을 분석하기 위해 결의론을 사용했다.,決疑論,倫理学者は特定の医療ジレンマの道徳的複雑さを分析するために決疑論を用いた。,决疑法,伦理学家运用决疑法来分析特定医学伦理困境的道德复杂性。,casuística,El ético empleó la casuística para analizar las complejidades morales de dilemas médicos específicos.,phương pháp quyết nghi,Nhà đạo đức học sử dụng phương pháp quyết nghi để phân tích sự phức tạp đạo đức của các tình huống y tế cụ thể.,วิธีตัดสินกรณีเฉพาะ,นักจริยศาสตร์ใช้วิธีตัดสินกรณีเฉพาะเพื่อวิเคราะห์ความซับซ้อนทางศีลธรรมของปัญหาทางการแพทย์เฉพาะ,kasuistik,Ahli etika menggunakan kasuistik untuk menganalisis kompleksitas moral dari dilema medis tertentu.
sedition,The journalist was charged with sedition for publishing articles critical of the ruling government.,선동,그 기자는 집권 정부를 비판하는 기사를 게재한 혐의로 선동죄로 기소되었다.,煽動罪,そのジャーナリストは統治政府に批判的な記事を公表したとして煽動罪で起訴された。,煽动罪,该记者因发表批评执政政府的文章而被控煽动罪。,sedición,El periodista fue acusado de sedición por publicar artículos críticos del gobierno gobernante.,tội kích động,Nhà báo bị buộc tội kích động vì xuất bản các bài báo chỉ trích chính phủ cầm quyền.,ความผิดฐานปลุกปั่น,นักข่าวถูกตั้งข้อหาปลุกปั่นเนื่องจากตีพิมพ์บทความวิจารณ์รัฐบาลที่ปกครอง,hasutan,Jurnalis tersebut didakwa dengan hasutan karena menerbitkan artikel yang mengkritik pemerintah yang berkuasa.
legitimacy,The disputed election results called into question the legitimacy of the newly formed government.,정당성,논란이 된 선거 결과는 새로 구성된 정부의 정당성에 의문을 제기했다.,正当性,争われた選挙結果は新たに形成された政府の正当性に疑問を投げかけた。,合法性,有争议的选举结果使新成立的政府的合法性受到质疑。,legitimidad,Los resultados electorales disputados pusieron en cuestión la legitimidad del gobierno recién formado.,tính chính danh,Kết quả bầu cử tranh cãi đặt câu hỏi về tính chính danh của chính phủ mới thành lập.,ความชอบธรรม,ผลการเลือกตั้งที่โต้แย้งกันตั้งคำถามถึงความชอบธรรมของรัฐบาลที่จัดตั้งขึ้นใหม่,legitimasi,Hasil pemilu yang dipersengketakan mempertanyakan legitimasi pemerintahan yang baru terbentuk.
quash,The appellate court moved to quash the conviction on the grounds of insufficient evidence.,파기하다,항소 법원은 불충분한 증거를 근거로 유죄 판결을 파기하기로 결정했다.,破棄する,控訴裁判所は証拠不十分を理由に有罪判決を破棄する動きを見せた。,撤销,上诉法院以证据不足为由撤销了有罪判决。,anular,El tribunal de apelación procedió a anular la condena por motivos de evidencia insuficiente.,hủy bỏ,Tòa phúc thẩm đã hủy bỏ bản án với lý do không đủ bằng chứng.,ยกเลิก,ศาลอุทธรณ์ดำเนินการยกเลิกคำพิพากษาด้วยเหตุผลว่าหลักฐานไม่เพียงพอ,membatalkan,Pengadilan banding bertindak untuk membatalkan putusan atas dasar bukti yang tidak memadai.
secessionist,The federal government viewed the secessionist movement as a direct threat to national unity.,분리주의의,연방 정부는 분리주의 운동을 국가 통합에 대한 직접적인 위협으로 간주했다.,分離主義の,連邦政府は分離主義運動を国家の統一に対する直接的な脅威と見なした。,分裂主义的,联邦政府将分裂主义运动视为对国家统一的直接威胁。,secesionista,El gobierno federal consideró el movimiento secesionista como una amenaza directa a la unidad nacional.,ly khai,Chính phủ liên bang coi phong trào ly khai là mối đe dọa trực tiếp đối với sự thống nhất quốc gia.,แบ่งแยกดินแดน,รัฐบาลกลางมองว่าขบวนการแบ่งแยกดินแดนเป็นภัยคุกคามโดยตรงต่อความสามัคคีของชาติ,separatis,Pemerintah federal memandang gerakan separatis sebagai ancaman langsung terhadap persatuan nasional.
statutory,Statutory interpretation remains one of the most contested areas of contemporary legal scholarship.,법률상의,법률 해석은 현대 법학에서 가장 논쟁이 많은 분야 중 하나로 남아 있다.,制定法上の,制定法の解釈は現代法学において最も争いの多い分野の一つであり続けている。,法定的,法定解释仍然是当代法学研究中最具争议的领域之一。,estatutario,La interpretación estatutaria sigue siendo una de las áreas más disputadas de la erudición jurídica contemporánea.,thành văn,Giải thích luật thành văn vẫn là một trong những lĩnh vực tranh cãi nhất của nghiên cứu pháp lý đương đại.,ตามกฎหมาย,การตีความกฎหมายลายลักษณ์อักษรยังคงเป็นหนึ่งในพื้นที่ที่ถูกโต้แย้งมากที่สุดของวิชาการกฎหมายร่วมสมัย,statutori,Interpretasi statutori tetap menjadi salah satu bidang yang paling diperdebatkan dalam studi hukum kontemporer.
hedonism,Philosophical hedonism posits that pleasure is the sole intrinsic good worth pursuing in life.,쾌락주의,철학적 쾌락주의는 쾌락이 삶에서 추구할 가치가 있는 유일한 본질적 선이라고 주장한다.,快楽主義,哲学的快楽主義は快楽が人生で追求する価値のある唯一の本質的な善であると主張する。,享乐主义,哲学享乐主义认为快乐是人生中唯一值得追求的内在善。,hedonismo,El hedonismo filosófico postula que el placer es el único bien intrínseco que vale la pena perseguir en la vida.,chủ nghĩa khoái lạc,Chủ nghĩa khoái lạc triết học đặt ra rằng khoái lạc là điều thiện nội tại duy nhất đáng theo đuổi trong cuộc sống.,สุขนิยม,สุขนิยมทางปรัชญาตั้งสมมติฐานว่าความสุขเป็นสิ่งดีโดยเนื้อแท้เพียงอย่างเดียวที่ควรค่าแก่การแสวงหาในชีวิต,hedonisme,Hedonisme filosofis menyatakan bahwa kesenangan adalah satu-satunya kebaikan intrinsik yang layak dikejar dalam hidup.
usurp,The military coup sought to usurp constitutional authority from the democratically elected government.,찬탈하다,군사 쿠데타는 민주적으로 선출된 정부로부터 헌법적 권한을 찬탈하고자 했다.,簒奪する,軍事クーデターは民主的に選出された政府から憲法上の権限を簒奪しようとした。,篡夺,军事政变试图从民选政府手中篡夺宪法权力。,usurpar,El golpe militar buscó usurpar la autoridad constitucional del gobierno democráticamente elegido.,chiếm đoạt,Cuộc đảo chính quân sự nhằm chiếm đoạt quyền lực hiến pháp từ chính phủ được bầu cử dân chủ.,แย่งชิงอำนาจ,การรัฐประหารพยายามแย่งชิงอำนาจตามรัฐธรรมนูญจากรัฐบาลที่มาจากการเลือกตั้งตามระบอบประชาธิปไตย,merampas,Kudeta militer berupaya merampas kewenangan konstitusional dari pemerintah yang dipilih secara demokratis.
proportionality,The principle of proportionality requires that legal penalties be commensurate with the severity of offenses.,비례성,비례성의 원칙은 법적 처벌이 범죄의 심각성에 상응해야 한다고 요구한다.,比例性,比例性の原則は法的制裁が犯罪の重大性に見合ったものでなければならないことを要求する。,比例原则,比例原则要求法律处罚应与犯罪的严重程度相称。,proporcionalidad,El principio de proporcionalidad exige que las penas legales sean proporcionales a la gravedad de los delitos.,tính tương xứng,Nguyên tắc tương xứng yêu cầu hình phạt pháp lý phải tương xứng với mức độ nghiêm trọng của tội phạm.,สัดส่วน,หลักสัดส่วนกำหนดว่าบทลงโทษทางกฎหมายต้องเหมาะสมกับความร้ายแรงของความผิด,proporsionalitas,Prinsip proporsionalitas mensyaratkan bahwa hukuman hukum harus sepadan dengan tingkat keparahan pelanggaran.
insurrection,The failed insurrection against the government resulted in widespread arrests and prolonged martial law.,반란,정부에 대한 실패한 반란은 광범위한 체포와 장기간의 계엄령을 초래했다.,反乱,政府に対する失敗した反乱は広範な逮捕と長期間の戒厳令をもたらした。,叛乱,对政府的未遂叛乱导致了大规模逮捕和长期戒严。,insurrección,La insurrección fallida contra el gobierno resultó en arrestos generalizados y ley marcial prolongada.,cuộc nổi dậy,Cuộc nổi dậy thất bại chống chính phủ dẫn đến bắt giữ rộng rãi và thiết quân luật kéo dài.,การจลาจล,การจลาจลที่ล้มเหลวต่อต้านรัฐบาลส่งผลให้มีการจับกุมอย่างกว้างขวางและกฎอัยการศึกเป็นเวลานาน,pemberontakan,Pemberontakan yang gagal terhadap pemerintah mengakibatkan penangkapan besar-besaran dan darurat militer yang berkepanjangan.
metaphysics,Metaphysics explores fundamental questions about the nature of reality that transcend empirical investigation.,형이상학,형이상학은 경험적 탐구를 초월하는 현실의 본질에 대한 근본적 질문을 탐구한다.,形而上学,形而上学は経験的調査を超越する現実の本質に関する根本的な問題を探究する。,形而上学,形而上学探讨超越经验研究的关于现实本质的根本问题。,metafísica,La metafísica explora preguntas fundamentales sobre la naturaleza de la realidad que trascienden la investigación empírica.,siêu hình học,Siêu hình học khám phá các câu hỏi cơ bản về bản chất thực tại vượt ra ngoài nghiên cứu thực nghiệm.,อภิปรัชญา,อภิปรัชญาสำรวจคำถามพื้นฐานเกี่ยวกับธรรมชาติของความเป็นจริงที่อยู่เหนือการสืบสวนเชิงประจักษ์,metafisika,Metafisika mengeksplorasi pertanyaan fundamental tentang sifat realitas yang melampaui penyelidikan empiris.
junta,Following the coup the ruling military junta suspended the constitution and dissolved parliament.,군사정권,쿠데타 이후 집권 군사정권은 헌법을 정지하고 의회를 해산했다.,軍事政権,クーデター後軍事政権は憲法を停止し議会を解散した。,军政府,政变后执政军政府暂停了宪法并解散了议会。,junta,Tras el golpe la junta militar gobernante suspendió la constitución y disolvió el parlamento.,chính quyền quân sự,"Sau cuộc đảo chính, chính quyền quân sự cầm quyền đình chỉ hiến pháp và giải tán quốc hội.",คณะรัฐประหาร,หลังการรัฐประหาร คณะรัฐประหารที่ปกครองได้ระงับรัฐธรรมนูญและยุบสภา,junta,"Setelah kudeta, junta militer yang berkuasa menangguhkan konstitusi dan membubarkan parlemen."
solipsistic,The critic dismissed the memoir as a solipsistic narrative that failed to engage with broader social realities.,유아론적인,비평가는 그 회고록을 더 넓은 사회적 현실에 관여하지 못하는 유아론적 서사로 일축했다.,独我論的な,批評家はその回顧録をより広い社会的現実と関わることのできない独我論的な物語として退けた。,唯我论的,评论家认为这部回忆录是一篇唯我论式的叙述，未能关注更广泛的社会现实。,solipsista,El crítico desestimó las memorias como una narrativa solipsista que no lograba conectar con realidades sociales más amplias.,duy ngã,Nhà phê bình bác bỏ cuốn hồi ký như một câu chuyện duy ngã không kết nối với thực tại xã hội rộng hơn.,หมกมุ่นกับตนเอง,นักวิจารณ์ปัดตกบันทึกความทรงจำว่าเป็นการเล่าเรื่องที่หมกมุ่นกับตนเองโดยไม่สนใจความเป็นจริงทางสังคมที่กว้างขึ้น,solipsistik,Kritikus menolak memoar tersebut sebagai narasi solipsistik yang gagal terlibat dengan realitas sosial yang lebih luas.
extraterritorial,The government asserted extraterritorial jurisdiction over crimes committed by its nationals abroad.,역외의,정부는 해외에서 자국민이 저지른 범죄에 대한 역외 관할권을 주장했다.,域外の,政府は海外で自国民が犯した犯罪に対する域外管轄権を主張した。,域外的,政府主张对其国民在海外犯下的罪行具有域外管辖权。,extraterritorial,El gobierno afirmó la jurisdicción extraterritorial sobre los delitos cometidos por sus nacionales en el extranjero.,ngoài lãnh thổ,Chính phủ khẳng định quyền tài phán ngoài lãnh thổ đối với tội phạm do công dân nước mình thực hiện ở nước ngoài.,นอกอาณาเขต,รัฐบาลยืนยันเขตอำนาจศาลนอกอาณาเขตเหนืออาชญากรรมที่กระทำโดยพลเมืองของตนในต่างประเทศ,ekstrateritorial,Pemerintah menegaskan yurisdiksi ekstrateritorial atas kejahatan yang dilakukan oleh warga negaranya di luar negeri.
paternal,The court's paternalistic approach to regulation was criticized for restricting individual autonomy.,가부장적인,규제에 대한 법원의 가부장적 접근 방식은 개인의 자율성을 제한한다는 비판을 받았다.,父権的な,規制に対する裁判所の父権的なアプローチは個人の自律性を制限するとして批判された。,家长式的,法院对监管的家长式做法因限制个人自主权而受到批评。,paternalista,El enfoque paternalista del tribunal hacia la regulación fue criticado por restringir la autonomía individual.,gia trưởng,Cách tiếp cận gia trưởng của tòa án đối với quy định bị chỉ trích vì hạn chế quyền tự chủ cá nhân.,แบบพ่อปกครอง,แนวทางแบบพ่อปกครองของศาลต่อการกำกับดูแลถูกวิพากษ์วิจารณ์ว่าจำกัดความเป็นอิสระของปัจเจกบุคคล,paternalistis,Pendekatan paternalistis pengadilan terhadap regulasi dikritik karena membatasi otonomi individu.
concomitance,The scholar noted the concomitance of political upheaval and economic instability throughout history.,수반,학자는 역사를 통해 정치적 격변과 경제적 불안정의 수반을 지적했다.,随伴,学者は歴史を通じて政治的動乱と経済的不安定の随伴関係を指摘した。,伴随,学者指出历史上政治动荡与经济不稳定的伴随关系。,concomitancia,El académico señaló la concomitancia de agitación política e inestabilidad económica a lo largo de la historia.,sự đồng hành,Học giả lưu ý sự đồng hành giữa biến động chính trị và bất ổn kinh tế trong suốt lịch sử.,การเกิดร่วมกัน,นักวิชาการสังเกตเห็นการเกิดร่วมกันของความวุ่นวายทางการเมืองและความไม่มั่นคงทางเศรษฐกิจตลอดประวัติศาสตร์,kebersamaan,Ilmuwan mencatat kebersamaan antara pergolakan politik dan ketidakstabilan ekonomi sepanjang sejarah.
abrogate,The new administration moved to abrogate several controversial executive orders from the previous term.,폐지하다,새 행정부는 이전 임기의 여러 논란이 된 행정 명령을 폐지하기 위해 움직였다.,廃止する,新政権は前期のいくつかの物議を醸した大統領令を廃止する動きを見せた。,废除,新一届政府采取行动废除了上一任期的几项有争议的行政命令。,abrogar,La nueva administración procedió a abrogar varias órdenes ejecutivas controvertidas del mandato anterior.,hủy bỏ,Chính quyền mới hành động để hủy bỏ một số sắc lệnh hành pháp gây tranh cãi từ nhiệm kỳ trước.,ยกเลิก,รัฐบาลใหม่ดำเนินการยกเลิกคำสั่งฝ่ายบริหารที่ก่อให้เกิดข้อโต้แย้งหลายฉบับจากสมัยก่อน,mencabut,Pemerintahan baru bergerak untuk mencabut beberapa perintah eksekutif kontroversial dari periode sebelumnya.
derogation,The emergency provisions allowed for a temporary derogation from certain civil liberty protections.,제한,비상 조항은 특정 시민적 자유 보호의 일시적 제한을 허용했다.,免除,緊急条項は特定の市民的自由の保護からの一時的な免除を認めた。,克减,紧急条款允许暂时克减某些公民自由保护。,derogación,Las disposiciones de emergencia permitieron una derogación temporal de ciertas protecciones de libertades civiles.,sự hạn chế,Các điều khoản khẩn cấp cho phép hạn chế tạm thời một số quyền bảo vệ tự do dân sự.,การยกเว้น,บทบัญญัติฉุกเฉินอนุญาตให้มีการยกเว้นชั่วคราวจากการคุ้มครองสิทธิเสรีภาพพลเมืองบางประการ,pengecualian,Ketentuan darurat memungkinkan pengecualian sementara dari perlindungan kebebasan sipil tertentu.
tautology,The philosopher warned against tautology in ethical reasoning where conclusions merely restate their premises.,동어반복,철학자는 결론이 단지 전제를 재진술하는 윤리적 추론에서의 동어반복에 대해 경고했다.,トートロジー,哲学者は結論が前提を繰り返すだけの倫理的推論におけるトートロジーに対して警告した。,同义反复,哲学家警告不要在伦理推理中出现同义反复，即结论只是重述前提。,tautología,El filósofo advirtió contra la tautología en el razonamiento ético donde las conclusiones simplemente reformulan sus premisas.,lặp thừa,Triết gia cảnh báo chống lại sự lặp thừa trong lý luận đạo đức khi kết luận chỉ nhắc lại tiền đề.,การซ้ำความ,นักปรัชญาเตือนเรื่องการซ้ำความในการให้เหตุผลทางจริยธรรมที่ข้อสรุปเพียงแค่กล่าวซ้ำสมมติฐาน,tautologi,Filsuf memperingatkan terhadap tautologi dalam penalaran etis di mana kesimpulan hanya mengulangi premisnya.
repatriation,The government negotiated the repatriation of cultural artifacts that had been removed during colonial rule.,본국 송환,정부는 식민 통치 기간에 반출된 문화 유물의 본국 송환을 협상했다.,本国送還,政府は植民地支配中に持ち去られた文化財の本国送還を交渉した。,归还,政府就殖民统治期间被掠走的文化文物的归还进行了谈判。,repatriación,El gobierno negoció la repatriación de artefactos culturales que habían sido retirados durante el dominio colonial.,hồi hương,Chính phủ đã đàm phán về việc hồi hương các hiện vật văn hóa đã bị mang đi trong thời kỳ thuộc địa.,การส่งกลับ,รัฐบาลเจรจาการส่งกลับโบราณวัตถุทางวัฒนธรรมที่ถูกนำออกไปในช่วงการปกครองอาณานิคม,repatriasi,Pemerintah merundingkan repatriasi artefak budaya yang telah dipindahkan selama pemerintahan kolonial.
pugilistic,The parliamentary debate descended into pugilistic rhetoric devoid of substantive policy analysis.,호전적인,의회 토론은 실질적인 정책 분석이 없는 호전적인 수사로 전락했다.,好戦的な,議会討論は実質的な政策分析を欠いた好戦的な修辞に堕落した。,好斗的,议会辩论沦为缺乏实质性政策分析的好斗言辞。,pugilístico,El debate parlamentario descendió en una retórica pugilística desprovista de análisis político sustantivo.,hiếu chiến,Cuộc tranh luận nghị viện xuống cấp thành lời lẽ hiếu chiến thiếu phân tích chính sách thực chất.,ก้าวร้าว,การอภิปรายในรัฐสภาลดลงเป็นวาทกรรมก้าวร้าวที่ปราศจากการวิเคราะห์นโยบายที่เป็นสาระ,agresif,Debat parlemen berubah menjadi retorika agresif yang tidak memiliki analisis kebijakan yang substantif.
miscreant,The judge addressed the miscreant sternly before pronouncing the maximum permissible sentence.,악당,판사는 최대 허용 형량을 선고하기 전에 악당에게 엄하게 말했다.,悪人,裁判官は最大限の許容される判決を言い渡す前に悪人に厳しく語りかけた。,恶棍,法官在宣判最高许可刑期之前严厉地训斥了这个恶棍。,malhechor,El juez se dirigió al malhechor severamente antes de pronunciar la sentencia máxima permitida.,kẻ phạm tội,Thẩm phán đã nói nghiêm khắc với kẻ phạm tội trước khi tuyên án tối đa cho phép.,คนชั่วร้าย,ผู้พิพากษากล่าวกับคนชั่วร้ายอย่างเข้มงวดก่อนที่จะพิพากษาโทษสูงสุดที่อนุญาต,penjahat,Hakim berbicara tegas kepada penjahat tersebut sebelum menjatuhkan hukuman maksimum yang diizinkan.
nascency,The nascency of international human rights law can be traced to the aftermath of the Second World War.,초기 단계,국제 인권법의 초기 단계는 제2차 세계대전의 여파로 거슬러 올라갈 수 있다.,初期,国際人権法の初期は第二次世界大戦後にさかのぼることができる。,萌芽期,国际人权法的萌芽期可以追溯到第二次世界大战之后。,nacimiento,El nacimiento del derecho internacional de los derechos humanos se remonta a las consecuencias de la Segunda Guerra Mundial.,giai đoạn sơ khai,Giai đoạn sơ khai của luật nhân quyền quốc tế có thể truy nguyên đến hậu quả của Thế chiến thứ hai.,ช่วงเริ่มต้น,ช่วงเริ่มต้นของกฎหมายสิทธิมนุษยชนระหว่างประเทศสามารถสืบย้อนไปถึงผลพวงของสงครามโลกครั้งที่สอง,awal mula,Awal mula hukum hak asasi manusia internasional dapat ditelusuri hingga setelah Perang Dunia Kedua.
postulate,Rawls postulated that rational individuals behind a veil of ignorance would choose principles of fairness.,공리로 삼다,롤스는 무지의 장막 뒤의 합리적 개인이 공정성의 원칙을 선택할 것이라고 공리로 삼았다.,仮定する,ロールズは無知のヴェールの背後にいる合理的な個人が公正さの原則を選ぶと仮定した。,假设,罗尔斯假设处于无知之幕后的理性个人会选择公平原则。,postular,Rawls postuló que los individuos racionales detrás de un velo de ignorancia elegirían principios de equidad.,đặt giả thuyết,Rawls đặt giả thuyết rằng các cá nhân lý trí đằng sau bức màn vô tri sẽ chọn các nguyên tắc công bằng.,ตั้งสมมติฐาน,รอลส์ตั้งสมมติฐานว่าบุคคลที่มีเหตุผลภายใต้ม่านแห่งความไม่รู้จะเลือกหลักการของความเป็นธรรม,mendalilkan,Rawls mendalilkan bahwa individu rasional di balik tabir ketidaktahuan akan memilih prinsip keadilan.
supranational,The supranational body exercises regulatory authority that supersedes individual member state legislation.,초국가적인,초국가적 기구는 개별 회원국 입법을 우선하는 규제 권한을 행사한다.,超国家的な,超国家的機関は個々の加盟国の法律に優越する規制権限を行使する。,超国家的,超国家机构行使优先于各成员国立法的监管权力。,supranacional,El organismo supranacional ejerce autoridad reguladora que prevalece sobre la legislación de los estados miembros individuales.,siêu quốc gia,Cơ quan siêu quốc gia thực thi quyền lực quản lý vượt trên luật pháp của từng quốc gia thành viên.,เหนือชาติ,องค์กรเหนือชาติใช้อำนาจในการกำกับดูแลที่เหนือกว่ากฎหมายของแต่ละประเทศสมาชิก,supranasional,Badan supranasional menjalankan otoritas regulasi yang menggantikan undang-undang negara anggota individual.
valedictory,The retiring justice delivered a valedictory address reflecting on five decades of judicial service.,고별의,퇴임하는 대법관은 50년간의 사법 봉사를 회고하는 고별 연설을 했다.,告別の,退任する裁判官は50年にわたる司法奉仕を振り返る告別の辞を述べた。,告别的,即将退休的法官发表了告别演讲，回顾了五十年的司法服务。,de despedida,El juez que se jubilaba pronunció un discurso de despedida reflexionando sobre cinco décadas de servicio judicial.,từ biệt,Thẩm phán nghỉ hưu đã đọc bài phát biểu từ biệt nhìn lại năm thập kỷ phục vụ tư pháp.,อำลา,ผู้พิพากษาที่เกษียณอายุกล่าวสุนทรพจน์อำลาสะท้อนถึงการรับใช้ในกระบวนการยุติธรรมห้าทศวรรษ,perpisahan,Hakim yang pensiun menyampaikan pidato perpisahan yang merefleksikan lima dekade pengabdian yudisial.
verisimilitude,The philosopher argued that moral theories must possess verisimilitude to be applicable to real-world situations.,진실다움,철학자는 도덕 이론이 현실 세계 상황에 적용 가능하려면 진실다움을 갖추어야 한다고 주장했다.,真実らしさ,哲学者は道徳理論が現実世界の状況に適用可能であるためには真実らしさを持たなければならないと主張した。,逼真性,哲学家认为道德理论必须具有逼真性才能适用于现实世界的情况。,verosimilitud,El filósofo argumentó que las teorías morales deben poseer verosimilitud para ser aplicables a situaciones del mundo real.,tính xác thực,Triết gia lập luận rằng các lý thuyết đạo đức phải có tính xác thực để có thể áp dụng vào các tình huống thực tế.,ความสมจริง,นักปรัชญาโต้แย้งว่าทฤษฎีทางศีลธรรมต้องมีความสมจริงเพื่อให้สามารถนำไปใช้กับสถานการณ์ในโลกจริง,kemasukakalan,Filsuf berpendapat bahwa teori moral harus memiliki kemasukakalan agar dapat diterapkan pada situasi dunia nyata.
divestiture,The court ordered the corporate divestiture to remedy the monopolistic market conditions.,자산 매각,법원은 독점적 시장 상황을 시정하기 위해 기업 자산 매각을 명령했다.,事業売却,裁判所は独占的な市場状況を是正するために企業の事業売却を命じた。,资产剥离,法院下令进行企业资产剥离以纠正垄断性市场状况。,desinversión,El tribunal ordenó la desinversión corporativa para remediar las condiciones monopolísticas del mercado.,thoái vốn,Tòa án ra lệnh thoái vốn doanh nghiệp để khắc phục tình trạng thị trường độc quyền.,การขายทรัพย์สิน,ศาลสั่งให้มีการขายทรัพย์สินขององค์กรเพื่อแก้ไขสภาวะตลาดแบบผูกขาด,divestasi,Pengadilan memerintahkan divestasi korporasi untuk memperbaiki kondisi pasar yang monopolistis.
impunity,War criminals who act with impunity undermine the foundations of international humanitarian law.,불처벌,처벌 없이 행동하는 전쟁 범죄자들은 국제 인도법의 기반을 훼손한다.,免責,不処罰で行動する戦争犯罪者は国際人道法の基盤を損なう。,有罪不罚,不受惩罚地行事的战犯破坏了国际人道主义法的基础。,impunidad,Los criminales de guerra que actúan con impunidad socavan los fundamentos del derecho internacional humanitario.,sự miễn trừ trách nhiệm,Tội phạm chiến tranh hành động trong sự miễn trừ trách nhiệm làm suy yếu nền tảng của luật nhân đạo quốc tế.,การไม่ต้องรับโทษ,อาชญากรสงครามที่กระทำโดยไม่ต้องรับโทษบ่อนทำลายรากฐานของกฎหมายมนุษยธรรมระหว่างประเทศ,impunitas,Penjahat perang yang bertindak dengan impunitas merusak fondasi hukum humaniter internasional.
juristic,The decision established a novel juristic framework for adjudicating cross-border data privacy disputes.,법적인,그 결정은 국경을 넘는 데이터 프라이버시 분쟁을 판결하기 위한 새로운 법적 체계를 확립했다.,法的な,その決定は国境を越えたデータプライバシー紛争を裁定するための新たな法的枠組みを確立した。,法律的,该决定为裁决跨境数据隐私纠纷建立了新的法律框架。,jurídico,La decisión estableció un marco jurídico novedoso para adjudicar disputas transfronterizas de privacidad de datos.,pháp lý,Quyết định đã thiết lập một khuôn khổ pháp lý mới để phân xử các tranh chấp quyền riêng tư dữ liệu xuyên biên giới.,ทางกฎหมาย,การตัดสินนี้สร้างกรอบทางกฎหมายใหม่สำหรับการตัดสินข้อพิพาทเรื่องความเป็นส่วนตัวของข้อมูลข้ามพรมแดน,yuridis,Keputusan tersebut menetapkan kerangka yuridis baru untuk mengadili sengketa privasi data lintas batas.
ethnocentric,The policy was criticized as ethnocentric for imposing one culture's values as universal standards.,자민족 중심적인,그 정책은 한 문화의 가치를 보편적 기준으로 부과한다는 점에서 자민족 중심적이라는 비판을 받았다.,自民族中心主義の,その政策は一つの文化の価値を普遍的基準として押し付けるとして自民族中心主義的と批判された。,民族中心主义的,该政策因将一种文化的价值观强加为普遍标准而被批评为民族中心主义。,etnocéntrico,La política fue criticada como etnocéntrica por imponer los valores de una cultura como estándares universales.,duy tộc,Chính sách bị chỉ trích là duy tộc vì áp đặt giá trị của một nền văn hóa làm tiêu chuẩn phổ quát.,ยึดเชื้อชาติตนเป็นศูนย์กลาง,นโยบายถูกวิจารณ์ว่ายึดเชื้อชาติตนเป็นศูนย์กลางเพราะกำหนดค่านิยมของวัฒนธรรมหนึ่งเป็นมาตรฐานสากล,etnosentris,Kebijakan tersebut dikritik sebagai etnosentris karena memaksakan nilai satu budaya sebagai standar universal.
litigate,The corporation decided to litigate rather than settle the patent infringement claim out of court.,소송을 제기하다,그 기업은 특허 침해 소송을 법정 밖에서 합의하지 않고 소송을 제기하기로 결정했다.,訴訟を起こす,その企業は特許侵害の主張を法廷外で和解するのではなく訴訟を起こすことを決定した。,提起诉讼,该公司决定提起诉讼而非庭外和解专利侵权索赔。,litigar,La corporación decidió litigar en lugar de resolver la demanda por infracción de patente fuera del tribunal.,kiện tụng,Công ty quyết định kiện tụng thay vì giải quyết yêu cầu vi phạm bằng sáng chế ngoài tòa.,ดำเนินคดี,บริษัทตัดสินใจดำเนินคดีแทนที่จะยอมความข้อเรียกร้องเรื่องการละเมิดสิทธิบัตรนอกศาล,menggugat,Korporasi memutuskan untuk menggugat daripada menyelesaikan klaim pelanggaran paten di luar pengadilan.
realpolitik,The foreign minister pursued a strategy of realpolitik that prioritized strategic interests over ideological alliances.,현실정치,외무장관은 이념적 동맹보다 전략적 이익을 우선시하는 현실정치 전략을 추구했다.,現実政治,外務大臣はイデオロギー的同盟よりも戦略的利益を優先する現実政治の戦略を追求した。,现实政治,外交部长奉行现实政治策略，将战略利益置于意识形态联盟之上。,realpolitik,El ministro de asuntos exteriores siguió una estrategia de realpolitik que priorizaba los intereses estratégicos sobre las alianzas ideológicas.,chính trị thực dụng,Bộ trưởng ngoại giao theo đuổi chiến lược chính trị thực dụng ưu tiên lợi ích chiến lược hơn liên minh ý thức hệ.,การเมืองเชิงปฏิบัติ,รัฐมนตรีว่าการกระทรวงต่างประเทศดำเนินกลยุทธ์การเมืองเชิงปฏิบัติที่ให้ความสำคัญกับผลประโยชน์เชิงยุทธศาสตร์มากกว่าพันธมิตรทางอุดมการณ์,realpolitik,Menteri luar negeri mengejar strategi realpolitik yang memprioritaskan kepentingan strategis di atas aliansi ideologis.
